logs/exp1.txt
run_id:exp1
mlx_version:0.31.2
train_loader:shards pattern=./data/datasets/fineweb10B_sp1024/fineweb_train_*.bin
val_loader:shards pattern=./data/datasets/fineweb10B_sp1024/fineweb_val_*.bin tokens:62021632
WARNING: train_loader:subset dataset:fineweb10B_sp1024 train_shards:1/195 new epochs will arrive sooner than the full dataset
tokenizer_path:./data/tokenizers/fineweb_1024_bpe.model
model_params:17059912 vocab_size:1024 layers:9 dim:512 heads:8 kv_heads:4 seq_len:1024 tie_embeddings:True
iterations:200 train_batch_tokens:8192 grad_accum_steps:8 microbatch_tokens:1024 microbatch_batch_size:1 val_batch_size:8192 warmup_steps:20 max_wallclock_seconds:600.000
mlx_max_microbatch_tokens:8192
optimizer:muon+adam muon_matrix_params:54 scalar_params:37 embed_lr:0.05 matrix_lr:0.04 scalar_lr:0.04 muon_momentum:0.95 muon_steps:5
val_bpb:enabled tokenizer_kind=sentencepiece tokenizer_path=./data/tokenizers/fineweb_1024_bpe.model
compute_dtype:mlx.core.bfloat16 compile:True
dtypes tok_emb:mlx.core.bfloat16 linear_weight:mlx.core.float32 skip_weights:mlx.core.float32
warmup_step:1/20
warmup_step:2/20
warmup_step:3/20
warmup_step:4/20
warmup_step:5/20
warmup_step:6/20
warmup_step:7/20
warmup_step:8/20
warmup_step:9/20
warmup_step:10/20
warmup_step:11/20
warmup_step:12/20
warmup_step:13/20
warmup_step:14/20
warmup_step:15/20
warmup_step:16/20
warmup_step:17/20
warmup_step:18/20
warmup_step:19/20
warmup_step:20/20
step:1/200 train_loss:6.9428 train_time:201ms step_avg:200.53ms tok_s:40853
step:2/200 train_loss:18.7854 train_time:411ms step_avg:205.52ms tok_s:38944
step:3/200 train_loss:14.4103 train_time:624ms step_avg:207.92ms tok_s:38544
step:4/200 train_loss:10.0884 train_time:836ms step_avg:209.04ms tok_s:38594
step:5/200 train_loss:7.7994 train_time:1052ms step_avg:210.33ms tok_s:38054
step:6/200 train_loss:6.9965 train_time:1268ms step_avg:211.35ms tok_s:37873
step:7/200 train_loss:6.7298 train_time:1485ms step_avg:212.21ms tok_s:37721
step:8/200 train_loss:6.6839 train_time:1702ms step_avg:212.72ms tok_s:37906
step:9/200 train_loss:6.5261 train_time:1916ms step_avg:212.87ms tok_s:38303
step:10/200 train_loss:6.3761 train_time:2131ms step_avg:213.08ms tok_s:38136
step:200/200 train_loss:3.9065 train_time:42716ms step_avg:213.58ms tok_s:37695
val_progress:1/60568
val_progress:25/60568
val_progress:50/60568
val_progress:75/60568
val_progress:100/60568
val_progress:125/60568
val_progress:150/60568
val_progress:175/60568
val_progress:200/60568
val_progress:225/60568
val_progress:250/60568
val_progress:275/60568
val_progress:300/60568
val_progress:325/60568
val_progress:350/60568
val_progress:375/60568
val_progress:400/60568
val_progress:425/60568
val_progress:450/60568
val_progress:475/60568
val_progress:500/60568
val_progress:525/60568
val_progress:550/60568
val_progress:575/60568
val_progress:600/60568
val_progress:625/60568
val_progress:650/60568
val_progress:675/60568
val_progress:700/60568
val_progress:725/60568
val_progress:750/60568
val_progress:775/60568
val_progress:800/60568
val_progress:825/60568
val_progress:850/60568
val_progress:875/60568
val_progress:900/60568
val_progress:925/60568
val_progress:950/60568
val_progress:975/60568
val_progress:1000/60568
val_progress:1025/60568
val_progress:1050/60568
val_progress:1075/60568
val_progress:1100/60568
val_progress:1125/60568
val_progress:1150/60568
val_progress:1175/60568
val_progress:1200/60568
val_progress:1225/60568
val_progress:1250/60568
val_progress:1275/60568
val_progress:1300/60568
val_progress:1325/60568
val_progress:1350/60568
val_progress:1375/60568
val_progress:1400/60568
val_progress:1425/60568
val_progress:1450/60568
val_progress:1475/60568
val_progress:1500/60568
val_progress:1525/60568
val_progress:1550/60568
val_progress:1575/60568
val_progress:1600/60568
val_progress:1625/60568
val_progress:1650/60568
val_progress:1675/60568
val_progress:1700/60568
val_progress:1725/60568
val_progress:1750/60568
val_progress:1775/60568
val_progress:1800/60568
val_progress:1825/60568
val_progress:1850/60568
val_progress:1875/60568
val_progress:1900/60568
val_progress:1925/60568
val_progress:1950/60568
val_progress:1975/60568
val_progress:2000/60568
val_progress:2025/60568
val_progress:2050/60568
val_progress:2075/60568
val_progress:2100/60568
val_progress:2125/60568
val_progress:2150/60568
val_progress:2175/60568
val_progress:2200/60568
val_progress:2225/60568
val_progress:2250/60568
val_progress:2275/60568
val_progress:2300/60568
val_progress:2325/60568
val_progress:2350/60568
val_progress:2375/60568
val_progress:2400/60568
val_progress:2425/60568
val_progress:2450/60568
val_progress:2475/60568
val_progress:2500/60568
val_progress:2525/60568
val_progress:2550/60568
val_progress:2575/60568
val_progress:2600/60568
val_progress:2625/60568
val_progress:2650/60568
val_progress:2675/60568
val_progress:2700/60568
val_progress:2725/60568
val_progress:2750/60568
val_progress:2775/60568
val_progress:2800/60568
val_progress:2825/60568
val_progress:2850/60568
val_progress:2875/60568
val_progress:2900/60568
val_progress:2925/60568
val_progress:2950/60568
val_progress:2975/60568
val_progress:3000/60568
val_progress:3025/60568
val_progress:3050/60568
val_progress:3075/60568
val_progress:3100/60568
val_progress:3125/60568
val_progress:3150/60568
val_progress:3175/60568
val_progress:3200/60568
val_progress:3225/60568
val_progress:3250/60568
val_progress:3275/60568
val_progress:3300/60568
val_progress:3325/60568
val_progress:3350/60568
val_progress:3375/60568
val_progress:3400/60568
val_progress:3425/60568
val_progress:3450/60568
val_progress:3475/60568
val_progress:3500/60568
val_progress:3525/60568
val_progress:3550/60568
val_progress:3575/60568
val_progress:3600/60568
val_progress:3625/60568
val_progress:3650/60568
val_progress:3675/60568
val_progress:3700/60568
val_progress:3725/60568
val_progress:3750/60568
val_progress:3775/60568
val_progress:3800/60568
val_progress:3825/60568
val_progress:3850/60568
val_progress:3875/60568
val_progress:3900/60568
val_progress:3925/60568
val_progress:3950/60568
val_progress:3975/60568
val_progress:4000/60568
val_progress:4025/60568
val_progress:4050/60568
val_progress:4075/60568
val_progress:4100/60568
val_progress:4125/60568
val_progress:4150/60568
val_progress:4175/60568
val_progress:4200/60568
val_progress:4225/60568
val_progress:4250/60568
val_progress:4275/60568
val_progress:4300/60568
val_progress:4325/60568
val_progress:4350/60568
val_progress:4375/60568
val_progress:4400/60568
val_progress:4425/60568
val_progress:4450/60568
val_progress:4475/60568
val_progress:4500/60568
val_progress:4525/60568
val_progress:4550/60568
val_progress:4575/60568
val_progress:4600/60568
val_progress:4625/60568
val_progress:4650/60568
val_progress:4675/60568
val_progress:4700/60568
val_progress:4725/60568
val_progress:4750/60568
val_progress:4775/60568
val_progress:4800/60568
val_progress:4825/60568
val_progress:4850/60568
val_progress:4875/60568
val_progress:4900/60568
val_progress:4925/60568
val_progress:4950/60568
val_progress:4975/60568
val_progress:5000/60568
val_progress:5025/60568
val_progress:5050/60568
val_progress:5075/60568
val_progress:5100/60568
val_progress:5125/60568
val_progress:5150/60568
val_progress:5175/60568
val_progress:5200/60568
val_progress:5225/60568
val_progress:5250/60568
val_progress:5275/60568
val_progress:5300/60568
val_progress:5325/60568
val_progress:5350/60568
val_progress:5375/60568
val_progress:5400/60568
val_progress:5425/60568
val_progress:5450/60568
val_progress:5475/60568
val_progress:5500/60568
val_progress:5525/60568
val_progress:5550/60568
val_progress:5575/60568
val_progress:5600/60568
val_progress:5625/60568
val_progress:5650/60568
val_progress:5675/60568
val_progress:5700/60568
val_progress:5725/60568
val_progress:5750/60568
val_progress:5775/60568
val_progress:5800/60568
val_progress:5825/60568
val_progress:5850/60568
val_progress:5875/60568
val_progress:5900/60568
val_progress:5925/60568
val_progress:5950/60568
val_progress:5975/60568
val_progress:6000/60568
val_progress:6025/60568
val_progress:6050/60568
val_progress:6075/60568
val_progress:6100/60568
val_progress:6125/60568
val_progress:6150/60568
val_progress:6175/60568
val_progress:6200/60568
val_progress:6225/60568
val_progress:6250/60568
val_progress:6275/60568
val_progress:6300/60568
val_progress:6325/60568
val_progress:6350/60568
val_progress:6375/60568
val_progress:6400/60568
val_progress:6425/60568
val_progress:6450/60568
val_progress:6475/60568
val_progress:6500/60568
val_progress:6525/60568
val_progress:6550/60568
val_progress:6575/60568
val_progress:6600/60568
val_progress:6625/60568
val_progress:6650/60568
val_progress:6675/60568
val_progress:6700/60568
val_progress:6725/60568
val_progress:6750/60568
val_progress:6775/60568
val_progress:6800/60568
val_progress:6825/60568
val_progress:6850/60568
val_progress:6875/60568
val_progress:6900/60568
val_progress:6925/60568
val_progress:6950/60568
val_progress:6975/60568
val_progress:7000/60568
val_progress:7025/60568
val_progress:7050/60568
val_progress:7075/60568
val_progress:7100/60568
val_progress:7125/60568
val_progress:7150/60568
val_progress:7175/60568
val_progress:7200/60568
val_progress:7225/60568
val_progress:7250/60568
val_progress:7275/60568
val_progress:7300/60568
val_progress:7325/60568
val_progress:7350/60568
val_progress:7375/60568
val_progress:7400/60568
val_progress:7425/60568
val_progress:7450/60568
val_progress:7475/60568
val_progress:7500/60568
val_progress:7525/60568
val_progress:7550/60568
val_progress:7575/60568
val_progress:7600/60568
val_progress:7625/60568
val_progress:7650/60568
val_progress:7675/60568
val_progress:7700/60568
val_progress:7725/60568
val_progress:7750/60568
val_progress:7775/60568
val_progress:7800/60568
val_progress:7825/60568
val_progress:7850/60568
val_progress:7875/60568
val_progress:7900/60568
val_progress:7925/60568
val_progress:7950/60568
val_progress:7975/60568
val_progress:8000/60568
val_progress:8025/60568
val_progress:8050/60568
val_progress:8075/60568
val_progress:8100/60568
val_progress:8125/60568
val_progress:8150/60568
val_progress:8175/60568
val_progress:8200/60568
val_progress:8225/60568
val_progress:8250/60568
val_progress:8275/60568
val_progress:8300/60568
val_progress:8325/60568
val_progress:8350/60568
val_progress:8375/60568
val_progress:8400/60568
val_progress:8425/60568
val_progress:8450/60568
val_progress:8475/60568
val_progress:8500/60568
val_progress:8525/60568
val_progress:8550/60568
val_progress:8575/60568
val_progress:8600/60568
val_progress:8625/60568
val_progress:8650/60568
val_progress:8675/60568
val_progress:8700/60568
val_progress:8725/60568
val_progress:8750/60568
val_progress:8775/60568
val_progress:8800/60568
val_progress:8825/60568
val_progress:8850/60568
val_progress:8875/60568
val_progress:8900/60568
val_progress:8925/60568
val_progress:8950/60568
val_progress:8975/60568
val_progress:9000/60568
val_progress:9025/60568
val_progress:9050/60568
val_progress:9075/60568
val_progress:9100/60568
val_progress:9125/60568
val_progress:9150/60568
val_progress:9175/60568
val_progress:9200/60568
val_progress:9225/60568
val_progress:9250/60568
val_progress:9275/60568
val_progress:9300/60568
val_progress:9325/60568
val_progress:9350/60568
val_progress:9375/60568
val_progress:9400/60568
val_progress:9425/60568
val_progress:9450/60568
val_progress:9475/60568
val_progress:9500/60568
val_progress:9525/60568
val_progress:9550/60568
val_progress:9575/60568
val_progress:9600/60568
val_progress:9625/60568
val_progress:9650/60568
val_progress:9675/60568
val_progress:9700/60568
val_progress:9725/60568
val_progress:9750/60568
val_progress:9775/60568
val_progress:9800/60568
val_progress:9825/60568
val_progress:9850/60568
val_progress:9875/60568
val_progress:9900/60568
val_progress:9925/60568
val_progress:9950/60568
val_progress:9975/60568
val_progress:10000/60568
val_progress:10025/60568
val_progress:10050/60568
val_progress:10075/60568
val_progress:10100/60568
val_progress:10125/60568
val_progress:10150/60568
val_progress:10175/60568
val_progress:10200/60568
val_progress:10225/60568
val_progress:10250/60568
val_progress:10275/60568
val_progress:10300/60568
val_progress:10325/60568
val_progress:10350/60568
val_progress:10375/60568
val_progress:10400/60568
val_progress:10425/60568
val_progress:10450/60568
val_progress:10475/60568
val_progress:10500/60568
val_progress:10525/60568
val_progress:10550/60568
val_progress:10575/60568
val_progress:10600/60568
val_progress:10625/60568
val_progress:10650/60568
val_progress:10675/60568
val_progress:10700/60568
val_progress:10725/60568
val_progress:10750/60568
val_progress:10775/60568
val_progress:10800/60568
val_progress:10825/60568
val_progress:10850/60568
val_progress:10875/60568
val_progress:10900/60568
val_progress:10925/60568
val_progress:10950/60568
val_progress:10975/60568
val_progress:11000/60568
val_progress:11025/60568
val_progress:11050/60568
val_progress:11075/60568
val_progress:11100/60568
val_progress:11125/60568
val_progress:11150/60568
val_progress:11175/60568
val_progress:11200/60568
val_progress:11225/60568
val_progress:11250/60568
val_progress:11275/60568
val_progress:11300/60568
val_progress:11325/60568
val_progress:11350/60568
val_progress:11375/60568
val_progress:11400/60568
val_progress:11425/60568
val_progress:11450/60568
val_progress:11475/60568
val_progress:11500/60568
val_progress:11525/60568
val_progress:11550/60568
val_progress:11575/60568
val_progress:11600/60568
val_progress:11625/60568
val_progress:11650/60568
val_progress:11675/60568
val_progress:11700/60568
val_progress:11725/60568
val_progress:11750/60568
val_progress:11775/60568
val_progress:11800/60568
val_progress:11825/60568
val_progress:11850/60568
val_progress:11875/60568
val_progress:11900/60568
val_progress:11925/60568
val_progress:11950/60568
val_progress:11975/60568
val_progress:12000/60568
val_progress:12025/60568
val_progress:12050/60568
val_progress:12075/60568
val_progress:12100/60568
val_progress:12125/60568
val_progress:12150/60568
val_progress:12175/60568
val_progress:12200/60568
val_progress:12225/60568
val_progress:12250/60568
val_progress:12275/60568
val_progress:12300/60568
val_progress:12325/60568
val_progress:12350/60568
val_progress:12375/60568
val_progress:12400/60568
val_progress:12425/60568
val_progress:12450/60568
val_progress:12475/60568
val_progress:12500/60568
val_progress:12525/60568
val_progress:12550/60568
val_progress:12575/60568
val_progress:12600/60568
val_progress:12625/60568
val_progress:12650/60568
val_progress:12675/60568
val_progress:12700/60568
val_progress:12725/60568
val_progress:12750/60568
val_progress:12775/60568
val_progress:12800/60568
val_progress:12825/60568
val_progress:12850/60568
val_progress:12875/60568
val_progress:12900/60568
val_progress:12925/60568
val_progress:12950/60568
val_progress:12975/60568
val_progress:13000/60568
val_progress:13025/60568
val_progress:13050/60568
val_progress:13075/60568
val_progress:13100/60568
val_progress:13125/60568
val_progress:13150/60568
val_progress:13175/60568
val_progress:13200/60568
val_progress:13225/60568
val_progress:13250/60568
val_progress:13275/60568
val_progress:13300/60568
val_progress:13325/60568
val_progress:13350/60568
val_progress:13375/60568
val_progress:13400/60568
val_progress:13425/60568
val_progress:13450/60568
val_progress:13475/60568
val_progress:13500/60568
val_progress:13525/60568
val_progress:13550/60568
val_progress:13575/60568
val_progress:13600/60568
val_progress:13625/60568
val_progress:13650/60568
val_progress:13675/60568
val_progress:13700/60568
val_progress:13725/60568
val_progress:13750/60568
val_progress:13775/60568
val_progress:13800/60568
val_progress:13825/60568
val_progress:13850/60568
val_progress:13875/60568
val_progress:13900/60568
val_progress:13925/60568
val_progress:13950/60568
val_progress:13975/60568
val_progress:14000/60568
val_progress:14025/60568
val_progress:14050/60568
val_progress:14075/60568
val_progress:14100/60568
val_progress:14125/60568
val_progress:14150/60568
val_progress:14175/60568
val_progress:14200/60568
val_progress:14225/60568
val_progress:14250/60568
val_progress:14275/60568
val_progress:14300/60568
val_progress:14325/60568
val_progress:14350/60568
val_progress:14375/60568
val_progress:14400/60568
val_progress:14425/60568
val_progress:14450/60568
val_progress:14475/60568
val_progress:14500/60568
val_progress:14525/60568
val_progress:14550/60568
val_progress:14575/60568
val_progress:14600/60568
val_progress:14625/60568
val_progress:14650/60568
val_progress:14675/60568
val_progress:14700/60568
val_progress:14725/60568
val_progress:14750/60568
val_progress:14775/60568
val_progress:14800/60568
val_progress:14825/60568
val_progress:14850/60568
val_progress:14875/60568
val_progress:14900/60568
val_progress:14925/60568
val_progress:14950/60568
val_progress:14975/60568
val_progress:15000/60568
val_progress:15025/60568
val_progress:15050/60568
val_progress:15075/60568
val_progress:15100/60568
val_progress:15125/60568
val_progress:15150/60568
val_progress:15175/60568
val_progress:15200/60568
val_progress:15225/60568
val_progress:15250/60568
val_progress:15275/60568
val_progress:15300/60568
val_progress:15325/60568
val_progress:15350/60568
val_progress:15375/60568
val_progress:15400/60568
val_progress:15425/60568
val_progress:15450/60568
val_progress:15475/60568
val_progress:15500/60568
val_progress:15525/60568
val_progress:15550/60568
val_progress:15575/60568
val_progress:15600/60568
val_progress:15625/60568
val_progress:15650/60568
val_progress:15675/60568
val_progress:15700/60568
val_progress:15725/60568
val_progress:15750/60568
val_progress:15775/60568
val_progress:15800/60568
val_progress:15825/60568
val_progress:15850/60568
val_progress:15875/60568
val_progress:15900/60568
val_progress:15925/60568
val_progress:15950/60568
val_progress:15975/60568
val_progress:16000/60568
val_progress:16025/60568
val_progress:16050/60568
val_progress:16075/60568
val_progress:16100/60568
val_progress:16125/60568
val_progress:16150/60568
val_progress:16175/60568
val_progress:16200/60568
val_progress:16225/60568
val_progress:16250/60568
val_progress:16275/60568
val_progress:16300/60568
val_progress:16325/60568
val_progress:16350/60568
val_progress:16375/60568
val_progress:16400/60568
val_progress:16425/60568
val_progress:16450/60568
val_progress:16475/60568
val_progress:16500/60568
val_progress:16525/60568
val_progress:16550/60568
val_progress:16575/60568
val_progress:16600/60568
val_progress:16625/60568
val_progress:16650/60568
val_progress:16675/60568
val_progress:16700/60568
val_progress:16725/60568
val_progress:16750/60568
val_progress:16775/60568
val_progress:16800/60568
val_progress:16825/60568
val_progress:16850/60568
val_progress:16875/60568
val_progress:16900/60568
val_progress:16925/60568
val_progress:16950/60568
val_progress:16975/60568
val_progress:17000/60568
val_progress:17025/60568
val_progress:17050/60568
val_progress:17075/60568
val_progress:17100/60568
val_progress:17125/60568
val_progress:17150/60568
val_progress:17175/60568
val_progress:17200/60568
val_progress:17225/60568
val_progress:17250/60568
val_progress:17275/60568
val_progress:17300/60568
val_progress:17325/60568
val_progress:17350/60568
val_progress:17375/60568
val_progress:17400/60568
val_progress:17425/60568
val_progress:17450/60568
val_progress:17475/60568
val_progress:17500/60568
val_progress:17525/60568
val_progress:17550/60568
val_progress:17575/60568
val_progress:17600/60568
val_progress:17625/60568
val_progress:17650/60568
val_progress:17675/60568
val_progress:17700/60568
val_progress:17725/60568
val_progress:17750/60568
val_progress:17775/60568
val_progress:17800/60568
val_progress:17825/60568
val_progress:17850/60568
val_progress:17875/60568
val_progress:17900/60568
val_progress:17925/60568
val_progress:17950/60568
val_progress:17975/60568
val_progress:18000/60568
val_progress:18025/60568
val_progress:18050/60568
val_progress:18075/60568
val_progress:18100/60568
val_progress:18125/60568
val_progress:18150/60568
val_progress:18175/60568
val_progress:18200/60568
val_progress:18225/60568
val_progress:18250/60568
val_progress:18275/60568
val_progress:18300/60568
val_progress:18325/60568
val_progress:18350/60568
val_progress:18375/60568
val_progress:18400/60568
val_progress:18425/60568
val_progress:18450/60568
val_progress:18475/60568
val_progress:18500/60568
val_progress:18525/60568
val_progress:18550/60568
val_progress:18575/60568
val_progress:18600/60568
val_progress:18625/60568
val_progress:18650/60568
val_progress:18675/60568
val_progress:18700/60568
val_progress:18725/60568
val_progress:18750/60568
val_progress:18775/60568
val_progress:18800/60568
val_progress:18825/60568
val_progress:18850/60568
val_progress:18875/60568
val_progress:18900/60568
val_progress:18925/60568
val_progress:18950/60568
val_progress:18975/60568
val_progress:19000/60568
val_progress:19025/60568
val_progress:19050/60568
val_progress:19075/60568
val_progress:19100/60568
val_progress:19125/60568
val_progress:19150/60568
val_progress:19175/60568
val_progress:19200/60568
val_progress:19225/60568
val_progress:19250/60568
val_progress:19275/60568
val_progress:19300/60568
val_progress:19325/60568
val_progress:19350/60568
val_progress:19375/60568
val_progress:19400/60568
val_progress:19425/60568
val_progress:19450/60568
val_progress:19475/60568
val_progress:19500/60568
val_progress:19525/60568
val_progress:19550/60568
val_progress:19575/60568
val_progress:19600/60568
val_progress:19625/60568
val_progress:19650/60568
val_progress:19675/60568
val_progress:19700/60568
val_progress:19725/60568
val_progress:19750/60568
val_progress:19775/60568
val_progress:19800/60568
val_progress:19825/60568
val_progress:19850/60568
val_progress:19875/60568
val_progress:19900/60568
val_progress:19925/60568
val_progress:19950/60568
val_progress:19975/60568
val_progress:20000/60568
val_progress:20025/60568
val_progress:20050/60568
val_progress:20075/60568
val_progress:20100/60568
val_progress:20125/60568
val_progress:20150/60568
val_progress:20175/60568
val_progress:20200/60568
val_progress:20225/60568
val_progress:20250/60568
val_progress:20275/60568
val_progress:20300/60568
val_progress:20325/60568
val_progress:20350/60568
val_progress:20375/60568
val_progress:20400/60568
val_progress:20425/60568
val_progress:20450/60568
val_progress:20475/60568
val_progress:20500/60568
val_progress:20525/60568
val_progress:20550/60568
val_progress:20575/60568
val_progress:20600/60568
val_progress:20625/60568
val_progress:20650/60568
val_progress:20675/60568
val_progress:20700/60568
val_progress:20725/60568
val_progress:20750/60568
val_progress:20775/60568
val_progress:20800/60568
val_progress:20825/60568
val_progress:20850/60568
val_progress:20875/60568
val_progress:20900/60568
val_progress:20925/60568
val_progress:20950/60568
val_progress:20975/60568
val_progress:21000/60568
val_progress:21025/60568
val_progress:21050/60568
val_progress:21075/60568
val_progress:21100/60568
val_progress:21125/60568
val_progress:21150/60568
val_progress:21175/60568
val_progress:21200/60568
val_progress:21225/60568
val_progress:21250/60568
val_progress:21275/60568
val_progress:21300/60568
val_progress:21325/60568
val_progress:21350/60568
val_progress:21375/60568
val_progress:21400/60568
val_progress:21425/60568
val_progress:21450/60568
val_progress:21475/60568
val_progress:21500/60568
val_progress:21525/60568
val_progress:21550/60568
val_progress:21575/60568
val_progress:21600/60568
val_progress:21625/60568
val_progress:21650/60568
val_progress:21675/60568
val_progress:21700/60568
val_progress:21725/60568
val_progress:21750/60568
val_progress:21775/60568
val_progress:21800/60568
val_progress:21825/60568
val_progress:21850/60568
val_progress:21875/60568
val_progress:21900/60568
val_progress:21925/60568
val_progress:21950/60568
val_progress:21975/60568
val_progress:22000/60568
val_progress:22025/60568
val_progress:22050/60568
val_progress:22075/60568
val_progress:22100/60568
val_progress:22125/60568
val_progress:22150/60568
val_progress:22175/60568
val_progress:22200/60568
val_progress:22225/60568
val_progress:22250/60568
val_progress:22275/60568
val_progress:22300/60568
val_progress:22325/60568
val_progress:22350/60568
val_progress:22375/60568
val_progress:22400/60568
val_progress:22425/60568
val_progress:22450/60568
val_progress:22475/60568
val_progress:22500/60568
val_progress:22525/60568
val_progress:22550/60568
val_progress:22575/60568
val_progress:22600/60568
val_progress:22625/60568
val_progress:22650/60568
val_progress:22675/60568
val_progress:22700/60568
val_progress:22725/60568
val_progress:22750/60568
val_progress:22775/60568
val_progress:22800/60568
val_progress:22825/60568
val_progress:22850/60568
val_progress:22875/60568
val_progress:22900/60568
val_progress:22925/60568
val_progress:22950/60568
val_progress:22975/60568
val_progress:23000/60568
val_progress:23025/60568
val_progress:23050/60568
val_progress:23075/60568
val_progress:23100/60568
val_progress:23125/60568
val_progress:23150/60568
val_progress:23175/60568
val_progress:23200/60568
val_progress:23225/60568
val_progress:23250/60568
val_progress:23275/60568
val_progress:23300/60568
val_progress:23325/60568
val_progress:23350/60568
val_progress:23375/60568
val_progress:23400/60568
val_progress:23425/60568
val_progress:23450/60568
val_progress:23475/60568
val_progress:23500/60568
val_progress:23525/60568
val_progress:23550/60568
val_progress:23575/60568
val_progress:23600/60568
val_progress:23625/60568
val_progress:23650/60568
val_progress:23675/60568
val_progress:23700/60568
val_progress:23725/60568
val_progress:23750/60568
val_progress:23775/60568
val_progress:23800/60568
val_progress:23825/60568
val_progress:23850/60568
val_progress:23875/60568
val_progress:23900/60568
val_progress:23925/60568
val_progress:23950/60568
val_progress:23975/60568
val_progress:24000/60568
val_progress:24025/60568
val_progress:24050/60568
val_progress:24075/60568
val_progress:24100/60568
val_progress:24125/60568
val_progress:24150/60568
val_progress:24175/60568
val_progress:24200/60568
val_progress:24225/60568
val_progress:24250/60568
val_progress:24275/60568
val_progress:24300/60568
val_progress:24325/60568
val_progress:24350/60568
val_progress:24375/60568
val_progress:24400/60568
val_progress:24425/60568
val_progress:24450/60568
val_progress:24475/60568
val_progress:24500/60568
val_progress:24525/60568
val_progress:24550/60568
val_progress:24575/60568
val_progress:24600/60568
val_progress:24625/60568
val_progress:24650/60568
val_progress:24675/60568
val_progress:24700/60568
val_progress:24725/60568
val_progress:24750/60568
val_progress:24775/60568
val_progress:24800/60568
val_progress:24825/60568
val_progress:24850/60568
val_progress:24875/60568
val_progress:24900/60568
val_progress:24925/60568
val_progress:24950/60568
val_progress:24975/60568
val_progress:25000/60568
val_progress:25025/60568
val_progress:25050/60568
val_progress:25075/60568
val_progress:25100/60568
val_progress:25125/60568
val_progress:25150/60568
val_progress:25175/60568
val_progress:25200/60568
val_progress:25225/60568
val_progress:25250/60568
val_progress:25275/60568
val_progress:25300/60568
val_progress:25325/60568
val_progress:25350/60568
val_progress:25375/60568
val_progress:25400/60568
val_progress:25425/60568
val_progress:25450/60568
val_progress:25475/60568
val_progress:25500/60568
val_progress:25525/60568
val_progress:25550/60568
val_progress:25575/60568
val_progress:25600/60568
val_progress:25625/60568
val_progress:25650/60568
val_progress:25675/60568
val_progress:25700/60568
val_progress:25725/60568
val_progress:25750/60568
val_progress:25775/60568
val_progress:25800/60568
val_progress:25825/60568
val_progress:25850/60568
val_progress:25875/60568
val_progress:25900/60568
val_progress:25925/60568
val_progress:25950/60568
val_progress:25975/60568
val_progress:26000/60568
val_progress:26025/60568
val_progress:26050/60568
val_progress:26075/60568
val_progress:26100/60568
val_progress:26125/60568
val_progress:26150/60568
val_progress:26175/60568
val_progress:26200/60568
val_progress:26225/60568
val_progress:26250/60568
val_progress:26275/60568
val_progress:26300/60568
val_progress:26325/60568
val_progress:26350/60568
val_progress:26375/60568
val_progress:26400/60568
val_progress:26425/60568
val_progress:26450/60568
val_progress:26475/60568
val_progress:26500/60568
val_progress:26525/60568
val_progress:26550/60568
val_progress:26575/60568
val_progress:26600/60568
val_progress:26625/60568
val_progress:26650/60568
val_progress:26675/60568
val_progress:26700/60568
val_progress:26725/60568
val_progress:26750/60568
val_progress:26775/60568
val_progress:26800/60568
val_progress:26825/60568
val_progress:26850/60568
val_progress:26875/60568
val_progress:26900/60568
val_progress:26925/60568
val_progress:26950/60568
val_progress:26975/60568
val_progress:27000/60568
val_progress:27025/60568
val_progress:27050/60568
val_progress:27075/60568
val_progress:27100/60568
val_progress:27125/60568
val_progress:27150/60568
val_progress:27175/60568
val_progress:27200/60568
val_progress:27225/60568
val_progress:27250/60568
val_progress:27275/60568
val_progress:27300/60568
val_progress:27325/60568
val_progress:27350/60568
val_progress:27375/60568
val_progress:27400/60568
val_progress:27425/60568
val_progress:27450/60568
val_progress:27475/60568
val_progress:27500/60568
val_progress:27525/60568
val_progress:27550/60568
val_progress:27575/60568
val_progress:27600/60568
val_progress:27625/60568
val_progress:27650/60568
val_progress:27675/60568
val_progress:27700/60568
val_progress:27725/60568
val_progress:27750/60568
val_progress:27775/60568
val_progress:27800/60568
val_progress:27825/60568
val_progress:27850/60568
val_progress:27875/60568
val_progress:27900/60568
val_progress:27925/60568
val_progress:27950/60568
val_progress:27975/60568
val_progress:28000/60568
val_progress:28025/60568
val_progress:28050/60568
val_progress:28075/60568
val_progress:28100/60568
val_progress:28125/60568
val_progress:28150/60568
val_progress:28175/60568
val_progress:28200/60568
val_progress:28225/60568
val_progress:28250/60568
val_progress:28275/60568
val_progress:28300/60568
val_progress:28325/60568
val_progress:28350/60568
val_progress:28375/60568
val_progress:28400/60568
val_progress:28425/60568
val_progress:28450/60568
val_progress:28475/60568
val_progress:28500/60568
val_progress:28525/60568
val_progress:28550/60568
val_progress:28575/60568
val_progress:28600/60568
val_progress:28625/60568
val_progress:28650/60568
val_progress:28675/60568
val_progress:28700/60568
val_progress:28725/60568
val_progress:28750/60568
val_progress:28775/60568
val_progress:28800/60568
val_progress:28825/60568
val_progress:28850/60568
val_progress:28875/60568
val_progress:28900/60568
val_progress:28925/60568
val_progress:28950/60568
val_progress:28975/60568
val_progress:29000/60568
val_progress:29025/60568
val_progress:29050/60568
val_progress:29075/60568
val_progress:29100/60568
val_progress:29125/60568
val_progress:29150/60568
val_progress:29175/60568
val_progress:29200/60568
val_progress:29225/60568
val_progress:29250/60568
val_progress:29275/60568
val_progress:29300/60568
val_progress:29325/60568
val_progress:29350/60568
val_progress:29375/60568
val_progress:29400/60568
val_progress:29425/60568
val_progress:29450/60568
val_progress:29475/60568
val_progress:29500/60568
val_progress:29525/60568
val_progress:29550/60568
val_progress:29575/60568
val_progress:29600/60568
val_progress:29625/60568
val_progress:29650/60568
val_progress:29675/60568
val_progress:29700/60568
val_progress:29725/60568
val_progress:29750/60568
val_progress:29775/60568
val_progress:29800/60568
val_progress:29825/60568
val_progress:29850/60568
val_progress:29875/60568
val_progress:29900/60568
val_progress:29925/60568
val_progress:29950/60568
val_progress:29975/60568
val_progress:30000/60568
val_progress:30025/60568
val_progress:30050/60568
val_progress:30075/60568
val_progress:30100/60568
val_progress:30125/60568
val_progress:30150/60568
val_progress:30175/60568
val_progress:30200/60568
val_progress:30225/60568
val_progress:30250/60568
val_progress:30275/60568
val_progress:30300/60568
val_progress:30325/60568
val_progress:30350/60568
val_progress:30375/60568
val_progress:30400/60568
val_progress:30425/60568
val_progress:30450/60568
val_progress:30475/60568
val_progress:30500/60568
val_progress:30525/60568
val_progress:30550/60568
val_progress:30575/60568
val_progress:30600/60568
val_progress:30625/60568
val_progress:30650/60568
val_progress:30675/60568
val_progress:30700/60568
val_progress:30725/60568
val_progress:30750/60568
val_progress:30775/60568
val_progress:30800/60568
val_progress:30825/60568
val_progress:30850/60568
val_progress:30875/60568
val_progress:30900/60568
val_progress:30925/60568
val_progress:30950/60568
val_progress:30975/60568
val_progress:31000/60568
val_progress:31025/60568
val_progress:31050/60568
val_progress:31075/60568
val_progress:31100/60568
val_progress:31125/60568
val_progress:31150/60568
val_progress:31175/60568
val_progress:31200/60568
val_progress:31225/60568
val_progress:31250/60568
val_progress:31275/60568
val_progress:31300/60568
val_progress:31325/60568
val_progress:31350/60568
val_progress:31375/60568
val_progress:31400/60568
val_progress:31425/60568
val_progress:31450/60568
val_progress:31475/60568
val_progress:31500/60568
val_progress:31525/60568
val_progress:31550/60568
val_progress:31575/60568
val_progress:31600/60568
val_progress:31625/60568
val_progress:31650/60568
val_progress:31675/60568
val_progress:31700/60568
val_progress:31725/60568
val_progress:31750/60568
val_progress:31775/60568
val_progress:31800/60568
val_progress:31825/60568
val_progress:31850/60568
val_progress:31875/60568
val_progress:31900/60568
val_progress:31925/60568
val_progress:31950/60568
val_progress:31975/60568
val_progress:32000/60568
val_progress:32025/60568
val_progress:32050/60568
val_progress:32075/60568
val_progress:32100/60568
val_progress:32125/60568
val_progress:32150/60568
val_progress:32175/60568
val_progress:32200/60568
val_progress:32225/60568
val_progress:32250/60568
val_progress:32275/60568
val_progress:32300/60568
val_progress:32325/60568
val_progress:32350/60568
val_progress:32375/60568
val_progress:32400/60568
val_progress:32425/60568
val_progress:32450/60568
val_progress:32475/60568
val_progress:32500/60568
val_progress:32525/60568
val_progress:32550/60568
val_progress:32575/60568
val_progress:32600/60568
val_progress:32625/60568
val_progress:32650/60568
val_progress:32675/60568
val_progress:32700/60568
val_progress:32725/60568
val_progress:32750/60568
val_progress:32775/60568
val_progress:32800/60568
val_progress:32825/60568
val_progress:32850/60568
val_progress:32875/60568
val_progress:32900/60568
val_progress:32925/60568
val_progress:32950/60568
val_progress:32975/60568
val_progress:33000/60568
val_progress:33025/60568
val_progress:33050/60568
val_progress:33075/60568
val_progress:33100/60568
val_progress:33125/60568
val_progress:33150/60568
val_progress:33175/60568
val_progress:33200/60568
val_progress:33225/60568
val_progress:33250/60568
val_progress:33275/60568
val_progress:33300/60568
val_progress:33325/60568
val_progress:33350/60568
val_progress:33375/60568
val_progress:33400/60568
val_progress:33425/60568
val_progress:33450/60568
val_progress:33475/60568
val_progress:33500/60568
val_progress:33525/60568
val_progress:33550/60568
val_progress:33575/60568
val_progress:33600/60568
val_progress:33625/60568
val_progress:33650/60568
val_progress:33675/60568
val_progress:33700/60568
val_progress:33725/60568
val_progress:33750/60568
val_progress:33775/60568
val_progress:33800/60568
val_progress:33825/60568
val_progress:33850/60568
val_progress:33875/60568
val_progress:33900/60568
val_progress:33925/60568
val_progress:33950/60568
val_progress:33975/60568
val_progress:34000/60568
val_progress:34025/60568
val_progress:34050/60568
val_progress:34075/60568
val_progress:34100/60568
val_progress:34125/60568
val_progress:34150/60568
val_progress:34175/60568
val_progress:34200/60568
val_progress:34225/60568
val_progress:34250/60568
val_progress:34275/60568
val_progress:34300/60568
val_progress:34325/60568
val_progress:34350/60568
val_progress:34375/60568
val_progress:34400/60568
val_progress:34425/60568
val_progress:34450/60568
val_progress:34475/60568
val_progress:34500/60568
val_progress:34525/60568
val_progress:34550/60568
val_progress:34575/60568
val_progress:34600/60568
val_progress:34625/60568
val_progress:34650/60568
val_progress:34675/60568
val_progress:34700/60568
val_progress:34725/60568
val_progress:34750/60568
val_progress:34775/60568
val_progress:34800/60568
val_progress:34825/60568
val_progress:34850/60568
val_progress:34875/60568
val_progress:34900/60568
val_progress:34925/60568
val_progress:34950/60568
val_progress:34975/60568
val_progress:35000/60568
val_progress:35025/60568
val_progress:35050/60568
val_progress:35075/60568
val_progress:35100/60568
val_progress:35125/60568
val_progress:35150/60568
val_progress:35175/60568
val_progress:35200/60568
val_progress:35225/60568
val_progress:35250/60568
val_progress:35275/60568
val_progress:35300/60568
val_progress:35325/60568
val_progress:35350/60568
val_progress:35375/60568
val_progress:35400/60568
val_progress:35425/60568
val_progress:35450/60568
val_progress:35475/60568
val_progress:35500/60568
val_progress:35525/60568
val_progress:35550/60568
val_progress:35575/60568
val_progress:35600/60568
val_progress:35625/60568
val_progress:35650/60568
val_progress:35675/60568
val_progress:35700/60568
val_progress:35725/60568
val_progress:35750/60568
val_progress:35775/60568
val_progress:35800/60568
val_progress:35825/60568
val_progress:35850/60568
val_progress:35875/60568
val_progress:35900/60568
val_progress:35925/60568
val_progress:35950/60568
val_progress:35975/60568
val_progress:36000/60568
val_progress:36025/60568
val_progress:36050/60568
val_progress:36075/60568
val_progress:36100/60568
val_progress:36125/60568
val_progress:36150/60568
val_progress:36175/60568
val_progress:36200/60568
val_progress:36225/60568
val_progress:36250/60568
val_progress:36275/60568
val_progress:36300/60568
val_progress:36325/60568
val_progress:36350/60568
val_progress:36375/60568
val_progress:36400/60568
val_progress:36425/60568
val_progress:36450/60568
val_progress:36475/60568
val_progress:36500/60568
val_progress:36525/60568
val_progress:36550/60568
val_progress:36575/60568
val_progress:36600/60568
val_progress:36625/60568
val_progress:36650/60568
val_progress:36675/60568
val_progress:36700/60568
val_progress:36725/60568
val_progress:36750/60568
val_progress:36775/60568
val_progress:36800/60568
val_progress:36825/60568
val_progress:36850/60568
val_progress:36875/60568
val_progress:36900/60568
val_progress:36925/60568
val_progress:36950/60568
val_progress:36975/60568
val_progress:37000/60568
val_progress:37025/60568
val_progress:37050/60568
val_progress:37075/60568
val_progress:37100/60568
val_progress:37125/60568
val_progress:37150/60568
val_progress:37175/60568
val_progress:37200/60568
val_progress:37225/60568
val_progress:37250/60568
val_progress:37275/60568
val_progress:37300/60568
val_progress:37325/60568
val_progress:37350/60568
val_progress:37375/60568
val_progress:37400/60568
val_progress:37425/60568
val_progress:37450/60568
val_progress:37475/60568
val_progress:37500/60568
val_progress:37525/60568
val_progress:37550/60568
val_progress:37575/60568
val_progress:37600/60568
val_progress:37625/60568
val_progress:37650/60568
val_progress:37675/60568
val_progress:37700/60568
val_progress:37725/60568
val_progress:37750/60568
val_progress:37775/60568
val_progress:37800/60568
val_progress:37825/60568
val_progress:37850/60568
val_progress:37875/60568
val_progress:37900/60568
val_progress:37925/60568
val_progress:37950/60568
val_progress:37975/60568
val_progress:38000/60568
val_progress:38025/60568
val_progress:38050/60568
val_progress:38075/60568
val_progress:38100/60568
val_progress:38125/60568
val_progress:38150/60568
val_progress:38175/60568
val_progress:38200/60568
val_progress:38225/60568
val_progress:38250/60568
val_progress:38275/60568
val_progress:38300/60568
val_progress:38325/60568
val_progress:38350/60568
val_progress:38375/60568
val_progress:38400/60568
val_progress:38425/60568
val_progress:38450/60568
val_progress:38475/60568
val_progress:38500/60568
val_progress:38525/60568
val_progress:38550/60568
val_progress:38575/60568
val_progress:38600/60568
val_progress:38625/60568
val_progress:38650/60568
val_progress:38675/60568
val_progress:38700/60568
val_progress:38725/60568
val_progress:38750/60568
val_progress:38775/60568
val_progress:38800/60568
val_progress:38825/60568
val_progress:38850/60568
val_progress:38875/60568
val_progress:38900/60568
val_progress:38925/60568
val_progress:38950/60568
val_progress:38975/60568
val_progress:39000/60568
val_progress:39025/60568
val_progress:39050/60568
val_progress:39075/60568
val_progress:39100/60568
val_progress:39125/60568
val_progress:39150/60568
val_progress:39175/60568
val_progress:39200/60568
val_progress:39225/60568
val_progress:39250/60568
val_progress:39275/60568
val_progress:39300/60568
val_progress:39325/60568
val_progress:39350/60568
val_progress:39375/60568
val_progress:39400/60568
val_progress:39425/60568
val_progress:39450/60568
val_progress:39475/60568
val_progress:39500/60568
val_progress:39525/60568
val_progress:39550/60568
val_progress:39575/60568
val_progress:39600/60568
val_progress:39625/60568
val_progress:39650/60568
val_progress:39675/60568
val_progress:39700/60568
val_progress:39725/60568
val_progress:39750/60568
val_progress:39775/60568
val_progress:39800/60568
val_progress:39825/60568
val_progress:39850/60568
val_progress:39875/60568
val_progress:39900/60568
val_progress:39925/60568
val_progress:39950/60568
val_progress:39975/60568
val_progress:40000/60568
val_progress:40025/60568
val_progress:40050/60568
val_progress:40075/60568
val_progress:40100/60568
val_progress:40125/60568
val_progress:40150/60568
val_progress:40175/60568
val_progress:40200/60568
val_progress:40225/60568
val_progress:40250/60568
val_progress:40275/60568
val_progress:40300/60568
val_progress:40325/60568
val_progress:40350/60568
val_progress:40375/60568
val_progress:40400/60568
val_progress:40425/60568
val_progress:40450/60568
val_progress:40475/60568
val_progress:40500/60568
val_progress:40525/60568
val_progress:40550/60568
val_progress:40575/60568
val_progress:40600/60568
val_progress:40625/60568
val_progress:40650/60568
val_progress:40675/60568
val_progress:40700/60568
val_progress:40725/60568
val_progress:40750/60568
val_progress:40775/60568
val_progress:40800/60568
val_progress:40825/60568
val_progress:40850/60568
val_progress:40875/60568
val_progress:40900/60568
val_progress:40925/60568
val_progress:40950/60568
val_progress:40975/60568
val_progress:41000/60568
val_progress:41025/60568
val_progress:41050/60568
val_progress:41075/60568
val_progress:41100/60568
val_progress:41125/60568
val_progress:41150/60568
val_progress:41175/60568
val_progress:41200/60568
val_progress:41225/60568
val_progress:41250/60568
val_progress:41275/60568
val_progress:41300/60568
val_progress:41325/60568
val_progress:41350/60568
val_progress:41375/60568
val_progress:41400/60568
val_progress:41425/60568
val_progress:41450/60568
val_progress:41475/60568
val_progress:41500/60568
val_progress:41525/60568
val_progress:41550/60568
val_progress:41575/60568
val_progress:41600/60568
val_progress:41625/60568
val_progress:41650/60568
val_progress:41675/60568
val_progress:41700/60568
val_progress:41725/60568
val_progress:41750/60568
val_progress:41775/60568
val_progress:41800/60568
val_progress:41825/60568
val_progress:41850/60568
val_progress:41875/60568
val_progress:41900/60568
val_progress:41925/60568
val_progress:41950/60568
val_progress:41975/60568
val_progress:42000/60568
val_progress:42025/60568
val_progress:42050/60568
val_progress:42075/60568
val_progress:42100/60568
val_progress:42125/60568
val_progress:42150/60568
val_progress:42175/60568
val_progress:42200/60568
val_progress:42225/60568
val_progress:42250/60568
val_progress:42275/60568
val_progress:42300/60568
val_progress:42325/60568
val_progress:42350/60568
val_progress:42375/60568
val_progress:42400/60568
val_progress:42425/60568
val_progress:42450/60568
val_progress:42475/60568
val_progress:42500/60568
val_progress:42525/60568
val_progress:42550/60568
val_progress:42575/60568
val_progress:42600/60568
val_progress:42625/60568
val_progress:42650/60568
val_progress:42675/60568
val_progress:42700/60568
val_progress:42725/60568
val_progress:42750/60568
val_progress:42775/60568
val_progress:42800/60568
val_progress:42825/60568
val_progress:42850/60568
val_progress:42875/60568
val_progress:42900/60568
val_progress:42925/60568
val_progress:42950/60568
val_progress:42975/60568
val_progress:43000/60568
val_progress:43025/60568
val_progress:43050/60568
val_progress:43075/60568
val_progress:43100/60568
val_progress:43125/60568
val_progress:43150/60568
val_progress:43175/60568
val_progress:43200/60568
val_progress:43225/60568
val_progress:43250/60568
val_progress:43275/60568
val_progress:43300/60568
val_progress:43325/60568
val_progress:43350/60568
val_progress:43375/60568
val_progress:43400/60568
val_progress:43425/60568
val_progress:43450/60568
val_progress:43475/60568
val_progress:43500/60568
val_progress:43525/60568
val_progress:43550/60568
val_progress:43575/60568
val_progress:43600/60568
val_progress:43625/60568
val_progress:43650/60568
val_progress:43675/60568
val_progress:43700/60568
val_progress:43725/60568
val_progress:43750/60568
val_progress:43775/60568
val_progress:43800/60568
val_progress:43825/60568
val_progress:43850/60568
val_progress:43875/60568
val_progress:43900/60568
val_progress:43925/60568
val_progress:43950/60568
val_progress:43975/60568
val_progress:44000/60568
val_progress:44025/60568
val_progress:44050/60568
val_progress:44075/60568
val_progress:44100/60568
val_progress:44125/60568
val_progress:44150/60568
val_progress:44175/60568
val_progress:44200/60568
val_progress:44225/60568
val_progress:44250/60568
val_progress:44275/60568
val_progress:44300/60568
val_progress:44325/60568
val_progress:44350/60568
val_progress:44375/60568
val_progress:44400/60568
val_progress:44425/60568
val_progress:44450/60568
val_progress:44475/60568
val_progress:44500/60568
val_progress:44525/60568
val_progress:44550/60568
val_progress:44575/60568
val_progress:44600/60568
val_progress:44625/60568
val_progress:44650/60568
val_progress:44675/60568
val_progress:44700/60568
val_progress:44725/60568
val_progress:44750/60568
val_progress:44775/60568
val_progress:44800/60568
val_progress:44825/60568
val_progress:44850/60568
val_progress:44875/60568
val_progress:44900/60568
val_progress:44925/60568
val_progress:44950/60568
val_progress:44975/60568
val_progress:45000/60568
val_progress:45025/60568
val_progress:45050/60568
val_progress:45075/60568
val_progress:45100/60568
val_progress:45125/60568
val_progress:45150/60568
val_progress:45175/60568
val_progress:45200/60568
val_progress:45225/60568
val_progress:45250/60568
val_progress:45275/60568
val_progress:45300/60568
val_progress:45325/60568
val_progress:45350/60568
val_progress:45375/60568
val_progress:45400/60568
val_progress:45425/60568
val_progress:45450/60568
val_progress:45475/60568
val_progress:45500/60568
val_progress:45525/60568
val_progress:45550/60568
val_progress:45575/60568
val_progress:45600/60568
val_progress:45625/60568
val_progress:45650/60568
val_progress:45675/60568
val_progress:45700/60568
val_progress:45725/60568
val_progress:45750/60568
val_progress:45775/60568
val_progress:45800/60568
val_progress:45825/60568
val_progress:45850/60568
val_progress:45875/60568
val_progress:45900/60568
val_progress:45925/60568
val_progress:45950/60568
val_progress:45975/60568
val_progress:46000/60568
val_progress:46025/60568
val_progress:46050/60568
val_progress:46075/60568
val_progress:46100/60568
val_progress:46125/60568
val_progress:46150/60568
val_progress:46175/60568
val_progress:46200/60568
val_progress:46225/60568
val_progress:46250/60568
val_progress:46275/60568
val_progress:46300/60568
val_progress:46325/60568
val_progress:46350/60568
val_progress:46375/60568
val_progress:46400/60568
val_progress:46425/60568
val_progress:46450/60568
val_progress:46475/60568
val_progress:46500/60568
val_progress:46525/60568
val_progress:46550/60568
val_progress:46575/60568
val_progress:46600/60568
val_progress:46625/60568
val_progress:46650/60568
val_progress:46675/60568
val_progress:46700/60568
val_progress:46725/60568
val_progress:46750/60568
val_progress:46775/60568
val_progress:46800/60568
val_progress:46825/60568
val_progress:46850/60568
val_progress:46875/60568
val_progress:46900/60568
val_progress:46925/60568
val_progress:46950/60568
val_progress:46975/60568
val_progress:47000/60568
val_progress:47025/60568
val_progress:47050/60568
val_progress:47075/60568
val_progress:47100/60568
val_progress:47125/60568
val_progress:47150/60568
val_progress:47175/60568
val_progress:47200/60568
val_progress:47225/60568
val_progress:47250/60568
val_progress:47275/60568
val_progress:47300/60568
val_progress:47325/60568
val_progress:47350/60568
val_progress:47375/60568
val_progress:47400/60568
val_progress:47425/60568
val_progress:47450/60568
val_progress:47475/60568
val_progress:47500/60568
val_progress:47525/60568
val_progress:47550/60568
val_progress:47575/60568
val_progress:47600/60568
val_progress:47625/60568
val_progress:47650/60568
val_progress:47675/60568
val_progress:47700/60568
val_progress:47725/60568
val_progress:47750/60568
val_progress:47775/60568
val_progress:47800/60568
val_progress:47825/60568
val_progress:47850/60568
val_progress:47875/60568
val_progress:47900/60568
val_progress:47925/60568
val_progress:47950/60568
val_progress:47975/60568
val_progress:48000/60568
val_progress:48025/60568
val_progress:48050/60568
val_progress:48075/60568
val_progress:48100/60568
val_progress:48125/60568
val_progress:48150/60568
val_progress:48175/60568
val_progress:48200/60568
val_progress:48225/60568
val_progress:48250/60568
val_progress:48275/60568
val_progress:48300/60568
val_progress:48325/60568
val_progress:48350/60568
val_progress:48375/60568
val_progress:48400/60568
val_progress:48425/60568
val_progress:48450/60568
val_progress:48475/60568
val_progress:48500/60568
val_progress:48525/60568
val_progress:48550/60568
val_progress:48575/60568
val_progress:48600/60568
val_progress:48625/60568
val_progress:48650/60568
val_progress:48675/60568
val_progress:48700/60568
val_progress:48725/60568
val_progress:48750/60568
val_progress:48775/60568
val_progress:48800/60568
val_progress:48825/60568
val_progress:48850/60568
val_progress:48875/60568
val_progress:48900/60568
val_progress:48925/60568
val_progress:48950/60568
val_progress:48975/60568
val_progress:49000/60568
val_progress:49025/60568
val_progress:49050/60568
val_progress:49075/60568
val_progress:49100/60568
val_progress:49125/60568
val_progress:49150/60568
val_progress:49175/60568
val_progress:49200/60568
val_progress:49225/60568
val_progress:49250/60568
val_progress:49275/60568
val_progress:49300/60568
val_progress:49325/60568
val_progress:49350/60568
val_progress:49375/60568
val_progress:49400/60568
val_progress:49425/60568
val_progress:49450/60568
val_progress:49475/60568
val_progress:49500/60568
val_progress:49525/60568
val_progress:49550/60568
val_progress:49575/60568
val_progress:49600/60568
val_progress:49625/60568
val_progress:49650/60568
val_progress:49675/60568
val_progress:49700/60568
val_progress:49725/60568
val_progress:49750/60568
val_progress:49775/60568
val_progress:49800/60568
val_progress:49825/60568
val_progress:49850/60568
val_progress:49875/60568
val_progress:49900/60568
val_progress:49925/60568
val_progress:49950/60568
val_progress:49975/60568
val_progress:50000/60568
val_progress:50025/60568
val_progress:50050/60568
val_progress:50075/60568
val_progress:50100/60568
val_progress:50125/60568
val_progress:50150/60568
val_progress:50175/60568
val_progress:50200/60568
val_progress:50225/60568
val_progress:50250/60568
val_progress:50275/60568
val_progress:50300/60568
val_progress:50325/60568
val_progress:50350/60568
val_progress:50375/60568
val_progress:50400/60568
val_progress:50425/60568
val_progress:50450/60568
val_progress:50475/60568
val_progress:50500/60568
val_progress:50525/60568
val_progress:50550/60568
val_progress:50575/60568
val_progress:50600/60568
val_progress:50625/60568
val_progress:50650/60568
val_progress:50675/60568
val_progress:50700/60568
val_progress:50725/60568
val_progress:50750/60568
val_progress:50775/60568
val_progress:50800/60568
val_progress:50825/60568
val_progress:50850/60568
val_progress:50875/60568
val_progress:50900/60568
val_progress:50925/60568
val_progress:50950/60568
val_progress:50975/60568
val_progress:51000/60568
val_progress:51025/60568
val_progress:51050/60568
val_progress:51075/60568
val_progress:51100/60568
val_progress:51125/60568
val_progress:51150/60568
val_progress:51175/60568
val_progress:51200/60568
val_progress:51225/60568
val_progress:51250/60568
val_progress:51275/60568
val_progress:51300/60568
val_progress:51325/60568
val_progress:51350/60568
val_progress:51375/60568
val_progress:51400/60568
val_progress:51425/60568
val_progress:51450/60568
val_progress:51475/60568
val_progress:51500/60568
val_progress:51525/60568
val_progress:51550/60568
val_progress:51575/60568
val_progress:51600/60568
val_progress:51625/60568
val_progress:51650/60568
val_progress:51675/60568
val_progress:51700/60568
val_progress:51725/60568
val_progress:51750/60568
val_progress:51775/60568
val_progress:51800/60568
val_progress:51825/60568
val_progress:51850/60568
val_progress:51875/60568
val_progress:51900/60568
val_progress:51925/60568
val_progress:51950/60568
val_progress:51975/60568
val_progress:52000/60568
val_progress:52025/60568
val_progress:52050/60568
val_progress:52075/60568
val_progress:52100/60568
val_progress:52125/60568
val_progress:52150/60568
val_progress:52175/60568
val_progress:52200/60568
val_progress:52225/60568
val_progress:52250/60568
val_progress:52275/60568
val_progress:52300/60568
val_progress:52325/60568
val_progress:52350/60568
val_progress:52375/60568
val_progress:52400/60568
val_progress:52425/60568
val_progress:52450/60568
val_progress:52475/60568
val_progress:52500/60568
val_progress:52525/60568
val_progress:52550/60568
val_progress:52575/60568
val_progress:52600/60568
val_progress:52625/60568
val_progress:52650/60568
val_progress:52675/60568
val_progress:52700/60568
val_progress:52725/60568
val_progress:52750/60568
val_progress:52775/60568
val_progress:52800/60568
val_progress:52825/60568
val_progress:52850/60568
val_progress:52875/60568
val_progress:52900/60568
val_progress:52925/60568
val_progress:52950/60568
val_progress:52975/60568
val_progress:53000/60568
val_progress:53025/60568
val_progress:53050/60568
val_progress:53075/60568
val_progress:53100/60568
val_progress:53125/60568
val_progress:53150/60568
val_progress:53175/60568
val_progress:53200/60568
val_progress:53225/60568
val_progress:53250/60568
val_progress:53275/60568
val_progress:53300/60568
val_progress:53325/60568
val_progress:53350/60568
val_progress:53375/60568
val_progress:53400/60568
val_progress:53425/60568
val_progress:53450/60568
val_progress:53475/60568
val_progress:53500/60568
val_progress:53525/60568
val_progress:53550/60568
val_progress:53575/60568
val_progress:53600/60568
val_progress:53625/60568
val_progress:53650/60568
val_progress:53675/60568
val_progress:53700/60568
val_progress:53725/60568
val_progress:53750/60568
val_progress:53775/60568
val_progress:53800/60568
val_progress:53825/60568
val_progress:53850/60568
val_progress:53875/60568
val_progress:53900/60568
val_progress:53925/60568
val_progress:53950/60568
val_progress:53975/60568
val_progress:54000/60568
val_progress:54025/60568
val_progress:54050/60568
val_progress:54075/60568
val_progress:54100/60568
val_progress:54125/60568
val_progress:54150/60568
val_progress:54175/60568
val_progress:54200/60568
val_progress:54225/60568
val_progress:54250/60568
val_progress:54275/60568
val_progress:54300/60568
val_progress:54325/60568
val_progress:54350/60568
val_progress:54375/60568
val_progress:54400/60568
val_progress:54425/60568
val_progress:54450/60568
val_progress:54475/60568
val_progress:54500/60568
val_progress:54525/60568
val_progress:54550/60568
val_progress:54575/60568
val_progress:54600/60568
val_progress:54625/60568
val_progress:54650/60568
val_progress:54675/60568
val_progress:54700/60568
val_progress:54725/60568
val_progress:54750/60568
val_progress:54775/60568
val_progress:54800/60568
val_progress:54825/60568
val_progress:54850/60568
val_progress:54875/60568
val_progress:54900/60568
val_progress:54925/60568
val_progress:54950/60568
val_progress:54975/60568
val_progress:55000/60568
val_progress:55025/60568
val_progress:55050/60568
val_progress:55075/60568
val_progress:55100/60568
val_progress:55125/60568
val_progress:55150/60568
val_progress:55175/60568
val_progress:55200/60568
val_progress:55225/60568
val_progress:55250/60568
val_progress:55275/60568
val_progress:55300/60568
val_progress:55325/60568
val_progress:55350/60568
val_progress:55375/60568
val_progress:55400/60568
val_progress:55425/60568
val_progress:55450/60568
val_progress:55475/60568
val_progress:55500/60568
val_progress:55525/60568
val_progress:55550/60568
val_progress:55575/60568
val_progress:55600/60568
val_progress:55625/60568
val_progress:55650/60568
val_progress:55675/60568
val_progress:55700/60568
val_progress:55725/60568
val_progress:55750/60568
val_progress:55775/60568
val_progress:55800/60568
val_progress:55825/60568
val_progress:55850/60568
val_progress:55875/60568
val_progress:55900/60568
val_progress:55925/60568
val_progress:55950/60568
val_progress:55975/60568
val_progress:56000/60568
val_progress:56025/60568
val_progress:56050/60568
val_progress:56075/60568
val_progress:56100/60568
val_progress:56125/60568
val_progress:56150/60568
val_progress:56175/60568
val_progress:56200/60568
val_progress:56225/60568
val_progress:56250/60568
val_progress:56275/60568
val_progress:56300/60568
val_progress:56325/60568
val_progress:56350/60568
val_progress:56375/60568
val_progress:56400/60568
val_progress:56425/60568
val_progress:56450/60568
val_progress:56475/60568
val_progress:56500/60568
val_progress:56525/60568
val_progress:56550/60568
val_progress:56575/60568
val_progress:56600/60568
val_progress:56625/60568
val_progress:56650/60568
val_progress:56675/60568
val_progress:56700/60568
val_progress:56725/60568
val_progress:56750/60568
val_progress:56775/60568
val_progress:56800/60568
val_progress:56825/60568
val_progress:56850/60568
val_progress:56875/60568
val_progress:56900/60568
val_progress:56925/60568
val_progress:56950/60568
val_progress:56975/60568
val_progress:57000/60568
val_progress:57025/60568
val_progress:57050/60568
val_progress:57075/60568
val_progress:57100/60568
val_progress:57125/60568
val_progress:57150/60568
val_progress:57175/60568
val_progress:57200/60568
val_progress:57225/60568
val_progress:57250/60568
val_progress:57275/60568
val_progress:57300/60568
val_progress:57325/60568
val_progress:57350/60568
val_progress:57375/60568
val_progress:57400/60568
val_progress:57425/60568
val_progress:57450/60568
val_progress:57475/60568
val_progress:57500/60568
val_progress:57525/60568
val_progress:57550/60568
val_progress:57575/60568
val_progress:57600/60568
val_progress:57625/60568
val_progress:57650/60568
val_progress:57675/60568
val_progress:57700/60568
val_progress:57725/60568
val_progress:57750/60568
val_progress:57775/60568
val_progress:57800/60568
val_progress:57825/60568
val_progress:57850/60568
val_progress:57875/60568
val_progress:57900/60568
val_progress:57925/60568
val_progress:57950/60568
val_progress:57975/60568
val_progress:58000/60568
val_progress:58025/60568
val_progress:58050/60568
val_progress:58075/60568
val_progress:58100/60568
val_progress:58125/60568
val_progress:58150/60568
val_progress:58175/60568
val_progress:58200/60568
val_progress:58225/60568
val_progress:58250/60568
val_progress:58275/60568
val_progress:58300/60568
val_progress:58325/60568
val_progress:58350/60568
val_progress:58375/60568
val_progress:58400/60568
val_progress:58425/60568
val_progress:58450/60568
val_progress:58475/60568
val_progress:58500/60568
val_progress:58525/60568
val_progress:58550/60568
val_progress:58575/60568
val_progress:58600/60568
val_progress:58625/60568
val_progress:58650/60568
val_progress:58675/60568
val_progress:58700/60568
val_progress:58725/60568
val_progress:58750/60568
val_progress:58775/60568
val_progress:58800/60568
val_progress:58825/60568
val_progress:58850/60568
val_progress:58875/60568
val_progress:58900/60568
val_progress:58925/60568
val_progress:58950/60568
val_progress:58975/60568
val_progress:59000/60568
val_progress:59025/60568
val_progress:59050/60568
val_progress:59075/60568
val_progress:59100/60568
val_progress:59125/60568
val_progress:59150/60568
val_progress:59175/60568
val_progress:59200/60568
val_progress:59225/60568
val_progress:59250/60568
val_progress:59275/60568
val_progress:59300/60568
val_progress:59325/60568
val_progress:59350/60568
val_progress:59375/60568
val_progress:59400/60568
val_progress:59425/60568
val_progress:59450/60568
val_progress:59475/60568
val_progress:59500/60568
val_progress:59525/60568
val_progress:59550/60568
val_progress:59575/60568
val_progress:59600/60568
val_progress:59625/60568
val_progress:59650/60568
val_progress:59675/60568
val_progress:59700/60568
val_progress:59725/60568
val_progress:59750/60568
val_progress:59775/60568
val_progress:59800/60568
val_progress:59825/60568
val_progress:59850/60568
val_progress:59875/60568
val_progress:59900/60568
val_progress:59925/60568
val_progress:59950/60568
val_progress:59975/60568
val_progress:60000/60568
val_progress:60025/60568
val_progress:60050/60568
val_progress:60075/60568
val_progress:60100/60568
val_progress:60125/60568
val_progress:60150/60568
val_progress:60175/60568
val_progress:60200/60568
val_progress:60225/60568
val_progress:60250/60568
val_progress:60275/60568
val_progress:60300/60568
val_progress:60325/60568
val_progress:60350/60568
val_progress:60375/60568
val_progress:60400/60568
val_progress:60425/60568
val_progress:60450/60568
val_progress:60475/60568
val_progress:60500/60568
val_progress:60525/60568
val_progress:60550/60568
val_progress:60568/60568
step:200/200 val_loss:4.0669 val_bpb:2.4086 train_time:42716ms step_avg:213.58ms
saved_model:logs/exp1_mlx_model.npz bytes:67212188
serialized_model_int8_zlib:11261853 bytes (payload:17178912 raw_pickle:17188361 payload_ratio:3.91x)
val_progress:1/60568
val_progress:25/60568
val_progress:50/60568
val_progress:75/60568
val_progress:100/60568
val_progress:125/60568
val_progress:150/60568
val_progress:175/60568
val_progress:200/60568
val_progress:225/60568
val_progress:250/60568
val_progress:275/60568
val_progress:300/60568
val_progress:325/60568
val_progress:350/60568
val_progress:375/60568
val_progress:400/60568
val_progress:425/60568
val_progress:450/60568
val_progress:475/60568
val_progress:500/60568
val_progress:525/60568
val_progress:550/60568
val_progress:575/60568
val_progress:600/60568
val_progress:625/60568
val_progress:650/60568
val_progress:675/60568
val_progress:700/60568
val_progress:725/60568
val_progress:750/60568
val_progress:775/60568
val_progress:800/60568
val_progress:825/60568
val_progress:850/60568
val_progress:875/60568
val_progress:900/60568
val_progress:925/60568
val_progress:950/60568
val_progress:975/60568
val_progress:1000/60568
val_progress:1025/60568
val_progress:1050/60568
val_progress:1075/60568
val_progress:1100/60568
val_progress:1125/60568
val_progress:1150/60568
val_progress:1175/60568
val_progress:1200/60568
val_progress:1225/60568
val_progress:1250/60568
val_progress:1275/60568
val_progress:1300/60568
val_progress:1325/60568
val_progress:1350/60568
val_progress:1375/60568
val_progress:1400/60568
val_progress:1425/60568
val_progress:1450/60568
val_progress:1475/60568
val_progress:1500/60568
val_progress:1525/60568
val_progress:1550/60568
val_progress:1575/60568
val_progress:1600/60568
val_progress:1625/60568
val_progress:1650/60568
val_progress:1675/60568
val_progress:1700/60568
val_progress:1725/60568
val_progress:1750/60568
val_progress:1775/60568
val_progress:1800/60568
val_progress:1825/60568
val_progress:1850/60568
val_progress:1875/60568
val_progress:1900/60568
val_progress:1925/60568
val_progress:1950/60568
val_progress:1975/60568
val_progress:2000/60568
val_progress:2025/60568
val_progress:2050/60568
val_progress:2075/60568
val_progress:2100/60568
val_progress:2125/60568
val_progress:2150/60568
val_progress:2175/60568
val_progress:2200/60568
val_progress:2225/60568
val_progress:2250/60568
val_progress:2275/60568
val_progress:2300/60568
val_progress:2325/60568
val_progress:2350/60568
val_progress:2375/60568
val_progress:2400/60568
val_progress:2425/60568
val_progress:2450/60568
val_progress:2475/60568
val_progress:2500/60568
val_progress:2525/60568
val_progress:2550/60568
val_progress:2575/60568
val_progress:2600/60568
val_progress:2625/60568
val_progress:2650/60568
val_progress:2675/60568
val_progress:2700/60568
val_progress:2725/60568
val_progress:2750/60568
val_progress:2775/60568
val_progress:2800/60568
val_progress:2825/60568
val_progress:2850/60568
val_progress:2875/60568
val_progress:2900/60568
val_progress:2925/60568
val_progress:2950/60568
val_progress:2975/60568
val_progress:3000/60568
val_progress:3025/60568
val_progress:3050/60568
val_progress:3075/60568
val_progress:3100/60568
val_progress:3125/60568
val_progress:3150/60568
val_progress:3175/60568
val_progress:3200/60568
val_progress:3225/60568
val_progress:3250/60568
val_progress:3275/60568
val_progress:3300/60568
val_progress:3325/60568
val_progress:3350/60568
val_progress:3375/60568
val_progress:3400/60568
val_progress:3425/60568
val_progress:3450/60568
val_progress:3475/60568
val_progress:3500/60568
val_progress:3525/60568
val_progress:3550/60568
val_progress:3575/60568
val_progress:3600/60568
val_progress:3625/60568
val_progress:3650/60568
val_progress:3675/60568
val_progress:3700/60568
val_progress:3725/60568
val_progress:3750/60568
val_progress:3775/60568
val_progress:3800/60568
val_progress:3825/60568
val_progress:3850/60568
val_progress:3875/60568
val_progress:3900/60568
val_progress:3925/60568
val_progress:3950/60568
val_progress:3975/60568
val_progress:4000/60568
val_progress:4025/60568
val_progress:4050/60568
val_progress:4075/60568
val_progress:4100/60568
val_progress:4125/60568
val_progress:4150/60568
val_progress:4175/60568
val_progress:4200/60568
val_progress:4225/60568
val_progress:4250/60568
val_progress:4275/60568
val_progress:4300/60568
val_progress:4325/60568
val_progress:4350/60568
val_progress:4375/60568
val_progress:4400/60568
val_progress:4425/60568
val_progress:4450/60568
val_progress:4475/60568
val_progress:4500/60568
val_progress:4525/60568
val_progress:4550/60568
val_progress:4575/60568
val_progress:4600/60568
val_progress:4625/60568
val_progress:4650/60568
val_progress:4675/60568
val_progress:4700/60568
val_progress:4725/60568
val_progress:4750/60568
val_progress:4775/60568
val_progress:4800/60568
val_progress:4825/60568
val_progress:4850/60568
val_progress:4875/60568
val_progress:4900/60568
val_progress:4925/60568
val_progress:4950/60568
val_progress:4975/60568
val_progress:5000/60568
val_progress:5025/60568
val_progress:5050/60568
val_progress:5075/60568
val_progress:5100/60568
val_progress:5125/60568
val_progress:5150/60568
val_progress:5175/60568
val_progress:5200/60568
val_progress:5225/60568
val_progress:5250/60568
val_progress:5275/60568
val_progress:5300/60568
val_progress:5325/60568
val_progress:5350/60568
val_progress:5375/60568
val_progress:5400/60568
val_progress:5425/60568
val_progress:5450/60568
val_progress:5475/60568
val_progress:5500/60568
val_progress:5525/60568
val_progress:5550/60568
val_progress:5575/60568
val_progress:5600/60568
val_progress:5625/60568
val_progress:5650/60568
val_progress:5675/60568
val_progress:5700/60568
val_progress:5725/60568
val_progress:5750/60568
val_progress:5775/60568
val_progress:5800/60568
val_progress:5825/60568
val_progress:5850/60568
val_progress:5875/60568
val_progress:5900/60568
val_progress:5925/60568
val_progress:5950/60568
val_progress:5975/60568
val_progress:6000/60568
val_progress:6025/60568
val_progress:6050/60568
val_progress:6075/60568
val_progress:6100/60568
val_progress:6125/60568
val_progress:6150/60568
val_progress:6175/60568
val_progress:6200/60568
val_progress:6225/60568
val_progress:6250/60568
val_progress:6275/60568
val_progress:6300/60568
val_progress:6325/60568
val_progress:6350/60568
val_progress:6375/60568
val_progress:6400/60568
val_progress:6425/60568
val_progress:6450/60568
val_progress:6475/60568
val_progress:6500/60568
val_progress:6525/60568
val_progress:6550/60568
val_progress:6575/60568
val_progress:6600/60568
val_progress:6625/60568
val_progress:6650/60568
val_progress:6675/60568
val_progress:6700/60568
val_progress:6725/60568
val_progress:6750/60568
val_progress:6775/60568
val_progress:6800/60568
val_progress:6825/60568
val_progress:6850/60568
val_progress:6875/60568
val_progress:6900/60568
val_progress:6925/60568
val_progress:6950/60568
val_progress:6975/60568
val_progress:7000/60568
val_progress:7025/60568
val_progress:7050/60568
val_progress:7075/60568
val_progress:7100/60568
val_progress:7125/60568
val_progress:7150/60568
val_progress:7175/60568
val_progress:7200/60568
val_progress:7225/60568
val_progress:7250/60568
val_progress:7275/60568
val_progress:7300/60568
val_progress:7325/60568
val_progress:7350/60568
val_progress:7375/60568
val_progress:7400/60568
val_progress:7425/60568
val_progress:7450/60568
val_progress:7475/60568
val_progress:7500/60568
val_progress:7525/60568
val_progress:7550/60568
val_progress:7575/60568
val_progress:7600/60568
val_progress:7625/60568
val_progress:7650/60568
val_progress:7675/60568
val_progress:7700/60568
val_progress:7725/60568
val_progress:7750/60568
val_progress:7775/60568
val_progress:7800/60568
val_progress:7825/60568
val_progress:7850/60568
val_progress:7875/60568
val_progress:7900/60568
val_progress:7925/60568
val_progress:7950/60568
val_progress:7975/60568
val_progress:8000/60568
val_progress:8025/60568
val_progress:8050/60568
val_progress:8075/60568
val_progress:8100/60568
val_progress:8125/60568
val_progress:8150/60568
val_progress:8175/60568
val_progress:8200/60568
val_progress:8225/60568
val_progress:8250/60568
val_progress:8275/60568
val_progress:8300/60568
val_progress:8325/60568
val_progress:8350/60568
val_progress:8375/60568
val_progress:8400/60568
val_progress:8425/60568
val_progress:8450/60568
val_progress:8475/60568
val_progress:8500/60568
val_progress:8525/60568
val_progress:8550/60568
val_progress:8575/60568
val_progress:8600/60568
val_progress:8625/60568
val_progress:8650/60568
val_progress:8675/60568
val_progress:8700/60568
val_progress:8725/60568
val_progress:8750/60568
val_progress:8775/60568
val_progress:8800/60568
val_progress:8825/60568
val_progress:8850/60568
val_progress:8875/60568
val_progress:8900/60568
val_progress:8925/60568
val_progress:8950/60568
val_progress:8975/60568
val_progress:9000/60568
val_progress:9025/60568
val_progress:9050/60568
val_progress:9075/60568
val_progress:9100/60568
val_progress:9125/60568
val_progress:9150/60568
val_progress:9175/60568
val_progress:9200/60568
val_progress:9225/60568
val_progress:9250/60568
val_progress:9275/60568
val_progress:9300/60568
val_progress:9325/60568
val_progress:9350/60568
val_progress:9375/60568
val_progress:9400/60568
val_progress:9425/60568
val_progress:9450/60568
val_progress:9475/60568
val_progress:9500/60568
val_progress:9525/60568
val_progress:9550/60568
val_progress:9575/60568
val_progress:9600/60568
val_progress:9625/60568
val_progress:9650/60568
val_progress:9675/60568
val_progress:9700/60568
val_progress:9725/60568
val_progress:9750/60568
val_progress:9775/60568
val_progress:9800/60568
val_progress:9825/60568
val_progress:9850/60568
val_progress:9875/60568
val_progress:9900/60568
val_progress:9925/60568
val_progress:9950/60568
val_progress:9975/60568
val_progress:10000/60568
val_progress:10025/60568
val_progress:10050/60568
val_progress:10075/60568
val_progress:10100/60568
val_progress:10125/60568
val_progress:10150/60568
val_progress:10175/60568
val_progress:10200/60568
val_progress:10225/60568
val_progress:10250/60568
val_progress:10275/60568
val_progress:10300/60568
val_progress:10325/60568
val_progress:10350/60568
val_progress:10375/60568
val_progress:10400/60568
val_progress:10425/60568
val_progress:10450/60568
val_progress:10475/60568
val_progress:10500/60568
val_progress:10525/60568
val_progress:10550/60568
val_progress:10575/60568
val_progress:10600/60568
val_progress:10625/60568
val_progress:10650/60568
val_progress:10675/60568
val_progress:10700/60568
val_progress:10725/60568
val_progress:10750/60568
val_progress:10775/60568
val_progress:10800/60568
val_progress:10825/60568
val_progress:10850/60568
val_progress:10875/60568
val_progress:10900/60568
val_progress:10925/60568
val_progress:10950/60568
val_progress:10975/60568
val_progress:11000/60568
val_progress:11025/60568
val_progress:11050/60568
val_progress:11075/60568
val_progress:11100/60568
val_progress:11125/60568
val_progress:11150/60568
val_progress:11175/60568
val_progress:11200/60568
val_progress:11225/60568
val_progress:11250/60568
val_progress:11275/60568
val_progress:11300/60568
val_progress:11325/60568
val_progress:11350/60568
val_progress:11375/60568
val_progress:11400/60568
val_progress:11425/60568
val_progress:11450/60568
val_progress:11475/60568
val_progress:11500/60568
val_progress:11525/60568
val_progress:11550/60568
val_progress:11575/60568
val_progress:11600/60568
val_progress:11625/60568
val_progress:11650/60568
val_progress:11675/60568
val_progress:11700/60568
val_progress:11725/60568
val_progress:11750/60568
val_progress:11775/60568
val_progress:11800/60568
val_progress:11825/60568
val_progress:11850/60568
val_progress:11875/60568
val_progress:11900/60568
val_progress:11925/60568
val_progress:11950/60568
val_progress:11975/60568
val_progress:12000/60568
val_progress:12025/60568
val_progress:12050/60568
val_progress:12075/60568
val_progress:12100/60568
val_progress:12125/60568
val_progress:12150/60568
val_progress:12175/60568
val_progress:12200/60568
val_progress:12225/60568
val_progress:12250/60568
val_progress:12275/60568
val_progress:12300/60568
val_progress:12325/60568
val_progress:12350/60568
val_progress:12375/60568
val_progress:12400/60568
val_progress:12425/60568
val_progress:12450/60568
val_progress:12475/60568
val_progress:12500/60568
val_progress:12525/60568
val_progress:12550/60568
val_progress:12575/60568
val_progress:12600/60568
val_progress:12625/60568
val_progress:12650/60568
val_progress:12675/60568
val_progress:12700/60568
val_progress:12725/60568
val_progress:12750/60568
val_progress:12775/60568
val_progress:12800/60568
val_progress:12825/60568
val_progress:12850/60568
val_progress:12875/60568
val_progress:12900/60568
val_progress:12925/60568
val_progress:12950/60568
val_progress:12975/60568
val_progress:13000/60568
val_progress:13025/60568
val_progress:13050/60568
val_progress:13075/60568
val_progress:13100/60568
val_progress:13125/60568
val_progress:13150/60568
val_progress:13175/60568
val_progress:13200/60568
val_progress:13225/60568
val_progress:13250/60568
val_progress:13275/60568
val_progress:13300/60568
val_progress:13325/60568
val_progress:13350/60568
val_progress:13375/60568
val_progress:13400/60568
val_progress:13425/60568
val_progress:13450/60568
val_progress:13475/60568
val_progress:13500/60568
val_progress:13525/60568
val_progress:13550/60568
val_progress:13575/60568
val_progress:13600/60568
val_progress:13625/60568
val_progress:13650/60568
val_progress:13675/60568
val_progress:13700/60568
val_progress:13725/60568
val_progress:13750/60568
val_progress:13775/60568
val_progress:13800/60568
val_progress:13825/60568
val_progress:13850/60568
val_progress:13875/60568
val_progress:13900/60568
val_progress:13925/60568
val_progress:13950/60568
val_progress:13975/60568
val_progress:14000/60568
val_progress:14025/60568
val_progress:14050/60568
val_progress:14075/60568
val_progress:14100/60568
val_progress:14125/60568
val_progress:14150/60568
val_progress:14175/60568
val_progress:14200/60568
val_progress:14225/60568
val_progress:14250/60568
val_progress:14275/60568
val_progress:14300/60568
val_progress:14325/60568
val_progress:14350/60568
val_progress:14375/60568
val_progress:14400/60568
val_progress:14425/60568
val_progress:14450/60568
val_progress:14475/60568
val_progress:14500/60568
val_progress:14525/60568
val_progress:14550/60568
val_progress:14575/60568
val_progress:14600/60568
val_progress:14625/60568
val_progress:14650/60568
val_progress:14675/60568
val_progress:14700/60568
val_progress:14725/60568
val_progress:14750/60568
val_progress:14775/60568
val_progress:14800/60568
val_progress:14825/60568
val_progress:14850/60568
val_progress:14875/60568
val_progress:14900/60568
val_progress:14925/60568
val_progress:14950/60568
val_progress:14975/60568
val_progress:15000/60568
val_progress:15025/60568
val_progress:15050/60568
val_progress:15075/60568
val_progress:15100/60568
val_progress:15125/60568
val_progress:15150/60568
val_progress:15175/60568
val_progress:15200/60568
val_progress:15225/60568
val_progress:15250/60568
val_progress:15275/60568
val_progress:15300/60568
val_progress:15325/60568
val_progress:15350/60568
val_progress:15375/60568
val_progress:15400/60568
val_progress:15425/60568
val_progress:15450/60568
val_progress:15475/60568
val_progress:15500/60568
val_progress:15525/60568
val_progress:15550/60568
val_progress:15575/60568
val_progress:15600/60568
val_progress:15625/60568
val_progress:15650/60568
val_progress:15675/60568
val_progress:15700/60568
val_progress:15725/60568
val_progress:15750/60568
val_progress:15775/60568
val_progress:15800/60568
val_progress:15825/60568
val_progress:15850/60568
val_progress:15875/60568
val_progress:15900/60568
val_progress:15925/60568
val_progress:15950/60568
val_progress:15975/60568
val_progress:16000/60568
val_progress:16025/60568
val_progress:16050/60568
val_progress:16075/60568
val_progress:16100/60568
val_progress:16125/60568
val_progress:16150/60568
val_progress:16175/60568
val_progress:16200/60568
val_progress:16225/60568
val_progress:16250/60568
val_progress:16275/60568
val_progress:16300/60568
val_progress:16325/60568
val_progress:16350/60568
val_progress:16375/60568
val_progress:16400/60568
val_progress:16425/60568
val_progress:16450/60568
val_progress:16475/60568
val_progress:16500/60568
val_progress:16525/60568
val_progress:16550/60568
val_progress:16575/60568
val_progress:16600/60568
val_progress:16625/60568
val_progress:16650/60568
val_progress:16675/60568
val_progress:16700/60568
val_progress:16725/60568
val_progress:16750/60568
val_progress:16775/60568
val_progress:16800/60568
val_progress:16825/60568
val_progress:16850/60568
val_progress:16875/60568
val_progress:16900/60568
val_progress:16925/60568
val_progress:16950/60568
val_progress:16975/60568
val_progress:17000/60568
val_progress:17025/60568
val_progress:17050/60568
val_progress:17075/60568
val_progress:17100/60568
val_progress:17125/60568
val_progress:17150/60568
val_progress:17175/60568
val_progress:17200/60568
val_progress:17225/60568
val_progress:17250/60568
val_progress:17275/60568
val_progress:17300/60568
val_progress:17325/60568
val_progress:17350/60568
val_progress:17375/60568
val_progress:17400/60568
val_progress:17425/60568
val_progress:17450/60568
val_progress:17475/60568
val_progress:17500/60568
val_progress:17525/60568
val_progress:17550/60568
val_progress:17575/60568
val_progress:17600/60568
val_progress:17625/60568
val_progress:17650/60568
val_progress:17675/60568
val_progress:17700/60568
val_progress:17725/60568
val_progress:17750/60568
val_progress:17775/60568
val_progress:17800/60568
val_progress:17825/60568
val_progress:17850/60568
val_progress:17875/60568
val_progress:17900/60568
val_progress:17925/60568
val_progress:17950/60568
val_progress:17975/60568
val_progress:18000/60568
val_progress:18025/60568
val_progress:18050/60568
val_progress:18075/60568
val_progress:18100/60568
val_progress:18125/60568
val_progress:18150/60568
val_progress:18175/60568
val_progress:18200/60568
val_progress:18225/60568
val_progress:18250/60568
val_progress:18275/60568
val_progress:18300/60568
val_progress:18325/60568
val_progress:18350/60568
val_progress:18375/60568
val_progress:18400/60568
val_progress:18425/60568
val_progress:18450/60568
val_progress:18475/60568
val_progress:18500/60568
val_progress:18525/60568
val_progress:18550/60568
val_progress:18575/60568
val_progress:18600/60568
val_progress:18625/60568
val_progress:18650/60568
val_progress:18675/60568
val_progress:18700/60568
val_progress:18725/60568
val_progress:18750/60568
val_progress:18775/60568
val_progress:18800/60568
val_progress:18825/60568
val_progress:18850/60568
val_progress:18875/60568
val_progress:18900/60568
val_progress:18925/60568
val_progress:18950/60568
val_progress:18975/60568
val_progress:19000/60568
val_progress:19025/60568
val_progress:19050/60568
val_progress:19075/60568
val_progress:19100/60568
val_progress:19125/60568
val_progress:19150/60568
val_progress:19175/60568
val_progress:19200/60568
val_progress:19225/60568
val_progress:19250/60568
val_progress:19275/60568
val_progress:19300/60568
val_progress:19325/60568
val_progress:19350/60568
val_progress:19375/60568
val_progress:19400/60568
val_progress:19425/60568
val_progress:19450/60568
val_progress:19475/60568
val_progress:19500/60568
val_progress:19525/60568
val_progress:19550/60568
val_progress:19575/60568
val_progress:19600/60568
val_progress:19625/60568
val_progress:19650/60568
val_progress:19675/60568
val_progress:19700/60568
val_progress:19725/60568
val_progress:19750/60568
val_progress:19775/60568
val_progress:19800/60568
val_progress:19825/60568
val_progress:19850/60568
val_progress:19875/60568
val_progress:19900/60568
val_progress:19925/60568
val_progress:19950/60568
val_progress:19975/60568
val_progress:20000/60568
val_progress:20025/60568
val_progress:20050/60568
val_progress:20075/60568
val_progress:20100/60568
val_progress:20125/60568
val_progress:20150/60568
val_progress:20175/60568
val_progress:20200/60568
val_progress:20225/60568
val_progress:20250/60568
val_progress:20275/60568
val_progress:20300/60568
val_progress:20325/60568
val_progress:20350/60568
val_progress:20375/60568
val_progress:20400/60568
val_progress:20425/60568
val_progress:20450/60568
val_progress:20475/60568
val_progress:20500/60568
val_progress:20525/60568
val_progress:20550/60568
val_progress:20575/60568
val_progress:20600/60568
val_progress:20625/60568
val_progress:20650/60568
val_progress:20675/60568
val_progress:20700/60568
val_progress:20725/60568
val_progress:20750/60568
val_progress:20775/60568
val_progress:20800/60568
val_progress:20825/60568
val_progress:20850/60568
val_progress:20875/60568
val_progress:20900/60568
val_progress:20925/60568
val_progress:20950/60568
val_progress:20975/60568
val_progress:21000/60568
val_progress:21025/60568
val_progress:21050/60568
val_progress:21075/60568
val_progress:21100/60568
val_progress:21125/60568
val_progress:21150/60568
val_progress:21175/60568
val_progress:21200/60568
val_progress:21225/60568
val_progress:21250/60568
val_progress:21275/60568
val_progress:21300/60568
val_progress:21325/60568
val_progress:21350/60568
val_progress:21375/60568
val_progress:21400/60568
val_progress:21425/60568
val_progress:21450/60568
val_progress:21475/60568
val_progress:21500/60568
val_progress:21525/60568
val_progress:21550/60568
val_progress:21575/60568
val_progress:21600/60568
val_progress:21625/60568
val_progress:21650/60568
val_progress:21675/60568
val_progress:21700/60568
val_progress:21725/60568
val_progress:21750/60568
val_progress:21775/60568
val_progress:21800/60568
val_progress:21825/60568
val_progress:21850/60568
val_progress:21875/60568
val_progress:21900/60568
val_progress:21925/60568
val_progress:21950/60568
val_progress:21975/60568
val_progress:22000/60568
val_progress:22025/60568
val_progress:22050/60568
val_progress:22075/60568
val_progress:22100/60568
val_progress:22125/60568
val_progress:22150/60568
val_progress:22175/60568
val_progress:22200/60568
val_progress:22225/60568
val_progress:22250/60568
val_progress:22275/60568
val_progress:22300/60568
val_progress:22325/60568
val_progress:22350/60568
val_progress:22375/60568
val_progress:22400/60568
val_progress:22425/60568
val_progress:22450/60568
val_progress:22475/60568
val_progress:22500/60568
val_progress:22525/60568
val_progress:22550/60568
val_progress:22575/60568
val_progress:22600/60568
val_progress:22625/60568
val_progress:22650/60568
val_progress:22675/60568
val_progress:22700/60568
val_progress:22725/60568
val_progress:22750/60568
val_progress:22775/60568
val_progress:22800/60568
val_progress:22825/60568
val_progress:22850/60568
val_progress:22875/60568
val_progress:22900/60568
val_progress:22925/60568
val_progress:22950/60568
val_progress:22975/60568
val_progress:23000/60568
val_progress:23025/60568
val_progress:23050/60568
val_progress:23075/60568
val_progress:23100/60568
val_progress:23125/60568
val_progress:23150/60568
val_progress:23175/60568
val_progress:23200/60568
val_progress:23225/60568
val_progress:23250/60568
val_progress:23275/60568
val_progress:23300/60568
val_progress:23325/60568
val_progress:23350/60568
val_progress:23375/60568
val_progress:23400/60568
val_progress:23425/60568
val_progress:23450/60568
val_progress:23475/60568
val_progress:23500/60568
val_progress:23525/60568
val_progress:23550/60568
val_progress:23575/60568
val_progress:23600/60568
val_progress:23625/60568
val_progress:23650/60568
val_progress:23675/60568
val_progress:23700/60568
val_progress:23725/60568
val_progress:23750/60568
val_progress:23775/60568
val_progress:23800/60568
val_progress:23825/60568
val_progress:23850/60568
val_progress:23875/60568
val_progress:23900/60568
val_progress:23925/60568
val_progress:23950/60568
val_progress:23975/60568
val_progress:24000/60568
val_progress:24025/60568
val_progress:24050/60568
val_progress:24075/60568
val_progress:24100/60568
val_progress:24125/60568
val_progress:24150/60568
val_progress:24175/60568
val_progress:24200/60568
val_progress:24225/60568
val_progress:24250/60568
val_progress:24275/60568
val_progress:24300/60568
val_progress:24325/60568
val_progress:24350/60568
val_progress:24375/60568
val_progress:24400/60568
val_progress:24425/60568
val_progress:24450/60568
val_progress:24475/60568
val_progress:24500/60568
val_progress:24525/60568
val_progress:24550/60568
val_progress:24575/60568
val_progress:24600/60568
val_progress:24625/60568
val_progress:24650/60568
val_progress:24675/60568
val_progress:24700/60568
val_progress:24725/60568
val_progress:24750/60568
val_progress:24775/60568
val_progress:24800/60568
val_progress:24825/60568
val_progress:24850/60568
val_progress:24875/60568
val_progress:24900/60568
val_progress:24925/60568
val_progress:24950/60568
val_progress:24975/60568
val_progress:25000/60568
val_progress:25025/60568
val_progress:25050/60568
val_progress:25075/60568
val_progress:25100/60568
val_progress:25125/60568
val_progress:25150/60568
val_progress:25175/60568
val_progress:25200/60568
val_progress:25225/60568
val_progress:25250/60568
val_progress:25275/60568
val_progress:25300/60568
val_progress:25325/60568
val_progress:25350/60568
val_progress:25375/60568
val_progress:25400/60568
val_progress:25425/60568
val_progress:25450/60568
val_progress:25475/60568
val_progress:25500/60568
val_progress:25525/60568
val_progress:25550/60568
val_progress:25575/60568
val_progress:25600/60568
val_progress:25625/60568
val_progress:25650/60568
val_progress:25675/60568
val_progress:25700/60568
val_progress:25725/60568
val_progress:25750/60568
val_progress:25775/60568
val_progress:25800/60568
val_progress:25825/60568
val_progress:25850/60568
val_progress:25875/60568
val_progress:25900/60568
val_progress:25925/60568
val_progress:25950/60568
val_progress:25975/60568
val_progress:26000/60568
val_progress:26025/60568
val_progress:26050/60568
val_progress:26075/60568
val_progress:26100/60568
val_progress:26125/60568
val_progress:26150/60568
val_progress:26175/60568
val_progress:26200/60568
val_progress:26225/60568
val_progress:26250/60568
val_progress:26275/60568
val_progress:26300/60568
val_progress:26325/60568
val_progress:26350/60568
val_progress:26375/60568
val_progress:26400/60568
val_progress:26425/60568
val_progress:26450/60568
val_progress:26475/60568
val_progress:26500/60568
val_progress:26525/60568
val_progress:26550/60568
val_progress:26575/60568
val_progress:26600/60568
val_progress:26625/60568
val_progress:26650/60568
val_progress:26675/60568
val_progress:26700/60568
val_progress:26725/60568
val_progress:26750/60568
val_progress:26775/60568
val_progress:26800/60568
val_progress:26825/60568
val_progress:26850/60568
val_progress:26875/60568
val_progress:26900/60568
val_progress:26925/60568
val_progress:26950/60568
val_progress:26975/60568
val_progress:27000/60568
val_progress:27025/60568
val_progress:27050/60568
val_progress:27075/60568
val_progress:27100/60568
val_progress:27125/60568
val_progress:27150/60568
val_progress:27175/60568
val_progress:27200/60568
val_progress:27225/60568
val_progress:27250/60568
val_progress:27275/60568
val_progress:27300/60568
val_progress:27325/60568
val_progress:27350/60568
val_progress:27375/60568
val_progress:27400/60568
val_progress:27425/60568
val_progress:27450/60568
val_progress:27475/60568
val_progress:27500/60568
val_progress:27525/60568
val_progress:27550/60568
val_progress:27575/60568
val_progress:27600/60568
val_progress:27625/60568
val_progress:27650/60568
val_progress:27675/60568
val_progress:27700/60568
val_progress:27725/60568
val_progress:27750/60568
val_progress:27775/60568
val_progress:27800/60568
val_progress:27825/60568
val_progress:27850/60568
val_progress:27875/60568
val_progress:27900/60568
val_progress:27925/60568
val_progress:27950/60568
val_progress:27975/60568
val_progress:28000/60568
val_progress:28025/60568
val_progress:28050/60568
val_progress:28075/60568
val_progress:28100/60568
val_progress:28125/60568
val_progress:28150/60568
val_progress:28175/60568
val_progress:28200/60568
val_progress:28225/60568
val_progress:28250/60568
val_progress:28275/60568
val_progress:28300/60568
val_progress:28325/60568
val_progress:28350/60568
val_progress:28375/60568
val_progress:28400/60568
val_progress:28425/60568
val_progress:28450/60568
val_progress:28475/60568
val_progress:28500/60568
val_progress:28525/60568
val_progress:28550/60568
val_progress:28575/60568
val_progress:28600/60568
val_progress:28625/60568
val_progress:28650/60568
val_progress:28675/60568
val_progress:28700/60568
val_progress:28725/60568
val_progress:28750/60568
val_progress:28775/60568
val_progress:28800/60568
val_progress:28825/60568
val_progress:28850/60568
val_progress:28875/60568
val_progress:28900/60568
val_progress:28925/60568
val_progress:28950/60568
val_progress:28975/60568
val_progress:29000/60568
val_progress:29025/60568
val_progress:29050/60568
val_progress:29075/60568
val_progress:29100/60568
val_progress:29125/60568
val_progress:29150/60568
val_progress:29175/60568
val_progress:29200/60568
val_progress:29225/60568
val_progress:29250/60568
val_progress:29275/60568
val_progress:29300/60568
val_progress:29325/60568
val_progress:29350/60568
val_progress:29375/60568
val_progress:29400/60568
val_progress:29425/60568
val_progress:29450/60568
val_progress:29475/60568
val_progress:29500/60568
val_progress:29525/60568
val_progress:29550/60568
val_progress:29575/60568
val_progress:29600/60568
val_progress:29625/60568
val_progress:29650/60568
val_progress:29675/60568
val_progress:29700/60568
val_progress:29725/60568
val_progress:29750/60568
val_progress:29775/60568
val_progress:29800/60568
val_progress:29825/60568
val_progress:29850/60568
val_progress:29875/60568
val_progress:29900/60568
val_progress:29925/60568
val_progress:29950/60568
val_progress:29975/60568
val_progress:30000/60568
val_progress:30025/60568
val_progress:30050/60568
val_progress:30075/60568
val_progress:30100/60568
val_progress:30125/60568
val_progress:30150/60568
val_progress:30175/60568
val_progress:30200/60568
val_progress:30225/60568
val_progress:30250/60568
val_progress:30275/60568
val_progress:30300/60568
val_progress:30325/60568
val_progress:30350/60568
val_progress:30375/60568
val_progress:30400/60568
val_progress:30425/60568
val_progress:30450/60568
val_progress:30475/60568
val_progress:30500/60568
val_progress:30525/60568
val_progress:30550/60568
val_progress:30575/60568
val_progress:30600/60568
val_progress:30625/60568
val_progress:30650/60568
val_progress:30675/60568
val_progress:30700/60568
val_progress:30725/60568
val_progress:30750/60568
val_progress:30775/60568
val_progress:30800/60568
val_progress:30825/60568
val_progress:30850/60568
val_progress:30875/60568
val_progress:30900/60568
val_progress:30925/60568
val_progress:30950/60568
val_progress:30975/60568
val_progress:31000/60568
val_progress:31025/60568
val_progress:31050/60568
val_progress:31075/60568
val_progress:31100/60568
val_progress:31125/60568
val_progress:31150/60568
val_progress:31175/60568
val_progress:31200/60568
val_progress:31225/60568
val_progress:31250/60568
val_progress:31275/60568
val_progress:31300/60568
val_progress:31325/60568
val_progress:31350/60568
val_progress:31375/60568
val_progress:31400/60568
val_progress:31425/60568
val_progress:31450/60568
val_progress:31475/60568
val_progress:31500/60568
val_progress:31525/60568
val_progress:31550/60568
val_progress:31575/60568
val_progress:31600/60568
val_progress:31625/60568
val_progress:31650/60568
val_progress:31675/60568
val_progress:31700/60568
val_progress:31725/60568
val_progress:31750/60568
val_progress:31775/60568
val_progress:31800/60568
val_progress:31825/60568
val_progress:31850/60568
val_progress:31875/60568
val_progress:31900/60568
val_progress:31925/60568
val_progress:31950/60568
val_progress:31975/60568
val_progress:32000/60568
val_progress:32025/60568
val_progress:32050/60568
val_progress:32075/60568
val_progress:32100/60568
val_progress:32125/60568
val_progress:32150/60568
val_progress:32175/60568
val_progress:32200/60568
val_progress:32225/60568
val_progress:32250/60568
val_progress:32275/60568
val_progress:32300/60568
val_progress:32325/60568
val_progress:32350/60568
val_progress:32375/60568
val_progress:32400/60568
val_progress:32425/60568
val_progress:32450/60568
val_progress:32475/60568
val_progress:32500/60568
val_progress:32525/60568
val_progress:32550/60568
val_progress:32575/60568
val_progress:32600/60568
val_progress:32625/60568
val_progress:32650/60568
val_progress:32675/60568
val_progress:32700/60568
val_progress:32725/60568
val_progress:32750/60568
val_progress:32775/60568
val_progress:32800/60568
val_progress:32825/60568
val_progress:32850/60568
val_progress:32875/60568
val_progress:32900/60568
val_progress:32925/60568
val_progress:32950/60568
val_progress:32975/60568
val_progress:33000/60568
val_progress:33025/60568
val_progress:33050/60568
val_progress:33075/60568
val_progress:33100/60568
val_progress:33125/60568
val_progress:33150/60568
val_progress:33175/60568
val_progress:33200/60568
val_progress:33225/60568
val_progress:33250/60568
val_progress:33275/60568
val_progress:33300/60568
val_progress:33325/60568
val_progress:33350/60568
val_progress:33375/60568
val_progress:33400/60568
val_progress:33425/60568
val_progress:33450/60568
val_progress:33475/60568
val_progress:33500/60568
val_progress:33525/60568
val_progress:33550/60568
val_progress:33575/60568
val_progress:33600/60568
val_progress:33625/60568
val_progress:33650/60568
val_progress:33675/60568
val_progress:33700/60568
val_progress:33725/60568
val_progress:33750/60568
val_progress:33775/60568
val_progress:33800/60568
val_progress:33825/60568
val_progress:33850/60568
val_progress:33875/60568
val_progress:33900/60568
val_progress:33925/60568
val_progress:33950/60568
val_progress:33975/60568
val_progress:34000/60568
val_progress:34025/60568
val_progress:34050/60568
val_progress:34075/60568
val_progress:34100/60568
val_progress:34125/60568
val_progress:34150/60568
val_progress:34175/60568
val_progress:34200/60568
val_progress:34225/60568
val_progress:34250/60568
val_progress:34275/60568
val_progress:34300/60568
val_progress:34325/60568
val_progress:34350/60568
val_progress:34375/60568
val_progress:34400/60568
val_progress:34425/60568
val_progress:34450/60568
val_progress:34475/60568
val_progress:34500/60568
val_progress:34525/60568
val_progress:34550/60568
val_progress:34575/60568
val_progress:34600/60568
val_progress:34625/60568
val_progress:34650/60568
val_progress:34675/60568
val_progress:34700/60568
val_progress:34725/60568
val_progress:34750/60568
val_progress:34775/60568
val_progress:34800/60568
val_progress:34825/60568
val_progress:34850/60568
val_progress:34875/60568
val_progress:34900/60568
val_progress:34925/60568
val_progress:34950/60568
val_progress:34975/60568
val_progress:35000/60568
val_progress:35025/60568
val_progress:35050/60568
val_progress:35075/60568
val_progress:35100/60568
val_progress:35125/60568
val_progress:35150/60568
val_progress:35175/60568
val_progress:35200/60568
val_progress:35225/60568
val_progress:35250/60568
val_progress:35275/60568
val_progress:35300/60568
val_progress:35325/60568
val_progress:35350/60568
val_progress:35375/60568
val_progress:35400/60568
val_progress:35425/60568
val_progress:35450/60568
val_progress:35475/60568
val_progress:35500/60568
val_progress:35525/60568
val_progress:35550/60568
val_progress:35575/60568
val_progress:35600/60568
val_progress:35625/60568
val_progress:35650/60568
val_progress:35675/60568
val_progress:35700/60568
val_progress:35725/60568
val_progress:35750/60568
val_progress:35775/60568
val_progress:35800/60568
val_progress:35825/60568
val_progress:35850/60568
val_progress:35875/60568
val_progress:35900/60568
val_progress:35925/60568
val_progress:35950/60568
val_progress:35975/60568
val_progress:36000/60568
val_progress:36025/60568
val_progress:36050/60568
val_progress:36075/60568
val_progress:36100/60568
val_progress:36125/60568
val_progress:36150/60568
val_progress:36175/60568
val_progress:36200/60568
val_progress:36225/60568
val_progress:36250/60568
val_progress:36275/60568
val_progress:36300/60568
val_progress:36325/60568
val_progress:36350/60568
val_progress:36375/60568
val_progress:36400/60568
val_progress:36425/60568
val_progress:36450/60568
val_progress:36475/60568
val_progress:36500/60568
val_progress:36525/60568
val_progress:36550/60568
val_progress:36575/60568
val_progress:36600/60568
val_progress:36625/60568
val_progress:36650/60568
val_progress:36675/60568
val_progress:36700/60568
val_progress:36725/60568
val_progress:36750/60568
val_progress:36775/60568
val_progress:36800/60568
val_progress:36825/60568
val_progress:36850/60568
val_progress:36875/60568
val_progress:36900/60568
val_progress:36925/60568
val_progress:36950/60568
val_progress:36975/60568
val_progress:37000/60568
val_progress:37025/60568
val_progress:37050/60568
val_progress:37075/60568
val_progress:37100/60568
val_progress:37125/60568
val_progress:37150/60568
val_progress:37175/60568
val_progress:37200/60568
val_progress:37225/60568
val_progress:37250/60568
val_progress:37275/60568
val_progress:37300/60568
val_progress:37325/60568
val_progress:37350/60568
val_progress:37375/60568
val_progress:37400/60568
val_progress:37425/60568
val_progress:37450/60568
val_progress:37475/60568
val_progress:37500/60568
val_progress:37525/60568
val_progress:37550/60568
val_progress:37575/60568
val_progress:37600/60568
val_progress:37625/60568
val_progress:37650/60568
val_progress:37675/60568
val_progress:37700/60568
val_progress:37725/60568
val_progress:37750/60568
val_progress:37775/60568
val_progress:37800/60568
val_progress:37825/60568
val_progress:37850/60568
val_progress:37875/60568
val_progress:37900/60568
val_progress:37925/60568
val_progress:37950/60568
val_progress:37975/60568
val_progress:38000/60568
val_progress:38025/60568
val_progress:38050/60568
val_progress:38075/60568
val_progress:38100/60568
val_progress:38125/60568
val_progress:38150/60568
val_progress:38175/60568
val_progress:38200/60568
val_progress:38225/60568
val_progress:38250/60568
val_progress:38275/60568
val_progress:38300/60568
val_progress:38325/60568
val_progress:38350/60568
val_progress:38375/60568
val_progress:38400/60568
val_progress:38425/60568
val_progress:38450/60568
val_progress:38475/60568
val_progress:38500/60568
val_progress:38525/60568
val_progress:38550/60568
val_progress:38575/60568
val_progress:38600/60568
val_progress:38625/60568
val_progress:38650/60568
val_progress:38675/60568
val_progress:38700/60568
val_progress:38725/60568
val_progress:38750/60568
val_progress:38775/60568
val_progress:38800/60568
val_progress:38825/60568
val_progress:38850/60568
val_progress:38875/60568
val_progress:38900/60568
val_progress:38925/60568
val_progress:38950/60568
val_progress:38975/60568
val_progress:39000/60568
val_progress:39025/60568
val_progress:39050/60568
val_progress:39075/60568
val_progress:39100/60568
val_progress:39125/60568
val_progress:39150/60568
val_progress:39175/60568
val_progress:39200/60568
val_progress:39225/60568
val_progress:39250/60568
val_progress:39275/60568
val_progress:39300/60568
val_progress:39325/60568
val_progress:39350/60568
val_progress:39375/60568
val_progress:39400/60568
val_progress:39425/60568
val_progress:39450/60568
val_progress:39475/60568
val_progress:39500/60568
val_progress:39525/60568
val_progress:39550/60568
val_progress:39575/60568
val_progress:39600/60568
val_progress:39625/60568
val_progress:39650/60568
val_progress:39675/60568
val_progress:39700/60568
val_progress:39725/60568
val_progress:39750/60568
val_progress:39775/60568
val_progress:39800/60568
val_progress:39825/60568
val_progress:39850/60568
val_progress:39875/60568
val_progress:39900/60568
val_progress:39925/60568
val_progress:39950/60568
val_progress:39975/60568
val_progress:40000/60568
val_progress:40025/60568
val_progress:40050/60568
val_progress:40075/60568
val_progress:40100/60568
val_progress:40125/60568
val_progress:40150/60568
val_progress:40175/60568
val_progress:40200/60568
val_progress:40225/60568
val_progress:40250/60568
val_progress:40275/60568
val_progress:40300/60568
val_progress:40325/60568
val_progress:40350/60568
val_progress:40375/60568
val_progress:40400/60568
val_progress:40425/60568
val_progress:40450/60568
val_progress:40475/60568
val_progress:40500/60568
val_progress:40525/60568
val_progress:40550/60568
val_progress:40575/60568
val_progress:40600/60568
val_progress:40625/60568
val_progress:40650/60568
val_progress:40675/60568
val_progress:40700/60568
val_progress:40725/60568
val_progress:40750/60568
val_progress:40775/60568
val_progress:40800/60568
val_progress:40825/60568
val_progress:40850/60568
val_progress:40875/60568
val_progress:40900/60568
val_progress:40925/60568
val_progress:40950/60568
val_progress:40975/60568
val_progress:41000/60568
val_progress:41025/60568
val_progress:41050/60568
val_progress:41075/60568
val_progress:41100/60568
val_progress:41125/60568
val_progress:41150/60568
val_progress:41175/60568
val_progress:41200/60568
val_progress:41225/60568
val_progress:41250/60568
val_progress:41275/60568
val_progress:41300/60568
val_progress:41325/60568
val_progress:41350/60568
val_progress:41375/60568
val_progress:41400/60568
val_progress:41425/60568
val_progress:41450/60568
val_progress:41475/60568
val_progress:41500/60568
val_progress:41525/60568
val_progress:41550/60568
val_progress:41575/60568
val_progress:41600/60568
val_progress:41625/60568
val_progress:41650/60568
val_progress:41675/60568
val_progress:41700/60568
val_progress:41725/60568
val_progress:41750/60568
val_progress:41775/60568
val_progress:41800/60568
val_progress:41825/60568
val_progress:41850/60568
val_progress:41875/60568
val_progress:41900/60568
val_progress:41925/60568
val_progress:41950/60568
val_progress:41975/60568
val_progress:42000/60568
val_progress:42025/60568
val_progress:42050/60568
val_progress:42075/60568
val_progress:42100/60568
val_progress:42125/60568
val_progress:42150/60568
val_progress:42175/60568
val_progress:42200/60568
val_progress:42225/60568
val_progress:42250/60568
val_progress:42275/60568
val_progress:42300/60568
val_progress:42325/60568
val_progress:42350/60568
val_progress:42375/60568
val_progress:42400/60568
val_progress:42425/60568
val_progress:42450/60568
val_progress:42475/60568
val_progress:42500/60568
val_progress:42525/60568
val_progress:42550/60568
val_progress:42575/60568
val_progress:42600/60568
val_progress:42625/60568
val_progress:42650/60568
val_progress:42675/60568
val_progress:42700/60568
val_progress:42725/60568
val_progress:42750/60568
val_progress:42775/60568
val_progress:42800/60568
val_progress:42825/60568
val_progress:42850/60568
val_progress:42875/60568
val_progress:42900/60568
val_progress:42925/60568
val_progress:42950/60568
val_progress:42975/60568
val_progress:43000/60568
val_progress:43025/60568
val_progress:43050/60568
val_progress:43075/60568
val_progress:43100/60568
val_progress:43125/60568
val_progress:43150/60568
val_progress:43175/60568
val_progress:43200/60568
val_progress:43225/60568
val_progress:43250/60568
val_progress:43275/60568
val_progress:43300/60568
val_progress:43325/60568
val_progress:43350/60568
val_progress:43375/60568
val_progress:43400/60568
val_progress:43425/60568
val_progress:43450/60568
val_progress:43475/60568
val_progress:43500/60568
val_progress:43525/60568
val_progress:43550/60568
val_progress:43575/60568
val_progress:43600/60568
val_progress:43625/60568
val_progress:43650/60568
val_progress:43675/60568
val_progress:43700/60568
val_progress:43725/60568
val_progress:43750/60568
val_progress:43775/60568
val_progress:43800/60568
val_progress:43825/60568
val_progress:43850/60568
val_progress:43875/60568
val_progress:43900/60568
val_progress:43925/60568
val_progress:43950/60568
val_progress:43975/60568
val_progress:44000/60568
val_progress:44025/60568
val_progress:44050/60568
val_progress:44075/60568
val_progress:44100/60568
val_progress:44125/60568
val_progress:44150/60568
val_progress:44175/60568
val_progress:44200/60568
val_progress:44225/60568
val_progress:44250/60568
val_progress:44275/60568
val_progress:44300/60568
val_progress:44325/60568
val_progress:44350/60568
val_progress:44375/60568
val_progress:44400/60568
val_progress:44425/60568
val_progress:44450/60568
val_progress:44475/60568
val_progress:44500/60568
val_progress:44525/60568
val_progress:44550/60568
val_progress:44575/60568
val_progress:44600/60568
val_progress:44625/60568
val_progress:44650/60568
val_progress:44675/60568
val_progress:44700/60568
val_progress:44725/60568
val_progress:44750/60568
val_progress:44775/60568
val_progress:44800/60568
val_progress:44825/60568
val_progress:44850/60568
val_progress:44875/60568
val_progress:44900/60568
val_progress:44925/60568
val_progress:44950/60568
val_progress:44975/60568
val_progress:45000/60568
val_progress:45025/60568
val_progress:45050/60568
val_progress:45075/60568
val_progress:45100/60568
val_progress:45125/60568
val_progress:45150/60568
val_progress:45175/60568
val_progress:45200/60568
val_progress:45225/60568
val_progress:45250/60568
val_progress:45275/60568
val_progress:45300/60568
val_progress:45325/60568
val_progress:45350/60568
val_progress:45375/60568
val_progress:45400/60568
val_progress:45425/60568
val_progress:45450/60568
val_progress:45475/60568
val_progress:45500/60568
val_progress:45525/60568
val_progress:45550/60568
val_progress:45575/60568
val_progress:45600/60568
val_progress:45625/60568
val_progress:45650/60568
val_progress:45675/60568
val_progress:45700/60568
val_progress:45725/60568
val_progress:45750/60568
val_progress:45775/60568
val_progress:45800/60568
val_progress:45825/60568
val_progress:45850/60568
val_progress:45875/60568
val_progress:45900/60568
val_progress:45925/60568
val_progress:45950/60568
val_progress:45975/60568
val_progress:46000/60568
val_progress:46025/60568
val_progress:46050/60568
val_progress:46075/60568
val_progress:46100/60568
val_progress:46125/60568
val_progress:46150/60568
val_progress:46175/60568
val_progress:46200/60568
val_progress:46225/60568
val_progress:46250/60568
val_progress:46275/60568
val_progress:46300/60568
val_progress:46325/60568
val_progress:46350/60568
val_progress:46375/60568
val_progress:46400/60568
val_progress:46425/60568
val_progress:46450/60568
val_progress:46475/60568
val_progress:46500/60568
val_progress:46525/60568
val_progress:46550/60568
val_progress:46575/60568
val_progress:46600/60568
val_progress:46625/60568
val_progress:46650/60568
val_progress:46675/60568
val_progress:46700/60568
val_progress:46725/60568
val_progress:46750/60568
val_progress:46775/60568
val_progress:46800/60568
val_progress:46825/60568
val_progress:46850/60568
val_progress:46875/60568
val_progress:46900/60568
val_progress:46925/60568
val_progress:46950/60568
val_progress:46975/60568
val_progress:47000/60568
val_progress:47025/60568
val_progress:47050/60568
val_progress:47075/60568
val_progress:47100/60568
val_progress:47125/60568
val_progress:47150/60568
val_progress:47175/60568
val_progress:47200/60568
val_progress:47225/60568
val_progress:47250/60568
val_progress:47275/60568
val_progress:47300/60568
val_progress:47325/60568
val_progress:47350/60568
val_progress:47375/60568
val_progress:47400/60568
val_progress:47425/60568
val_progress:47450/60568
val_progress:47475/60568
val_progress:47500/60568
val_progress:47525/60568
val_progress:47550/60568
val_progress:47575/60568
val_progress:47600/60568
val_progress:47625/60568
val_progress:47650/60568
val_progress:47675/60568
val_progress:47700/60568
val_progress:47725/60568
val_progress:47750/60568
val_progress:47775/60568
val_progress:47800/60568
val_progress:47825/60568
val_progress:47850/60568
val_progress:47875/60568
val_progress:47900/60568
val_progress:47925/60568
val_progress:47950/60568
val_progress:47975/60568
val_progress:48000/60568
val_progress:48025/60568
val_progress:48050/60568
val_progress:48075/60568
val_progress:48100/60568
val_progress:48125/60568
val_progress:48150/60568
val_progress:48175/60568
val_progress:48200/60568
val_progress:48225/60568
val_progress:48250/60568
val_progress:48275/60568
val_progress:48300/60568
val_progress:48325/60568
val_progress:48350/60568
val_progress:48375/60568
val_progress:48400/60568
val_progress:48425/60568
val_progress:48450/60568
val_progress:48475/60568
val_progress:48500/60568
val_progress:48525/60568
val_progress:48550/60568
val_progress:48575/60568
val_progress:48600/60568
val_progress:48625/60568
val_progress:48650/60568
val_progress:48675/60568
val_progress:48700/60568
val_progress:48725/60568
val_progress:48750/60568
val_progress:48775/60568
val_progress:48800/60568
val_progress:48825/60568
val_progress:48850/60568
val_progress:48875/60568
val_progress:48900/60568
val_progress:48925/60568
val_progress:48950/60568
val_progress:48975/60568
val_progress:49000/60568
val_progress:49025/60568
val_progress:49050/60568
val_progress:49075/60568
val_progress:49100/60568
val_progress:49125/60568
val_progress:49150/60568
val_progress:49175/60568
val_progress:49200/60568
val_progress:49225/60568
val_progress:49250/60568
val_progress:49275/60568
val_progress:49300/60568
val_progress:49325/60568
val_progress:49350/60568
val_progress:49375/60568
val_progress:49400/60568
val_progress:49425/60568
val_progress:49450/60568
val_progress:49475/60568
val_progress:49500/60568
val_progress:49525/60568
val_progress:49550/60568
val_progress:49575/60568
val_progress:49600/60568
val_progress:49625/60568
val_progress:49650/60568
val_progress:49675/60568
val_progress:49700/60568
val_progress:49725/60568
val_progress:49750/60568
val_progress:49775/60568
val_progress:49800/60568
val_progress:49825/60568
val_progress:49850/60568
val_progress:49875/60568
val_progress:49900/60568
val_progress:49925/60568
val_progress:49950/60568
val_progress:49975/60568
val_progress:50000/60568
val_progress:50025/60568
val_progress:50050/60568
val_progress:50075/60568
val_progress:50100/60568
val_progress:50125/60568
val_progress:50150/60568
val_progress:50175/60568
val_progress:50200/60568
val_progress:50225/60568
val_progress:50250/60568
val_progress:50275/60568
val_progress:50300/60568
val_progress:50325/60568
val_progress:50350/60568
val_progress:50375/60568
val_progress:50400/60568
val_progress:50425/60568
val_progress:50450/60568
val_progress:50475/60568
val_progress:50500/60568
val_progress:50525/60568
val_progress:50550/60568
val_progress:50575/60568
val_progress:50600/60568
val_progress:50625/60568
val_progress:50650/60568
val_progress:50675/60568
val_progress:50700/60568
val_progress:50725/60568
val_progress:50750/60568
val_progress:50775/60568
val_progress:50800/60568
val_progress:50825/60568
val_progress:50850/60568
val_progress:50875/60568
val_progress:50900/60568
val_progress:50925/60568
val_progress:50950/60568
val_progress:50975/60568
val_progress:51000/60568
val_progress:51025/60568
val_progress:51050/60568
val_progress:51075/60568
val_progress:51100/60568
val_progress:51125/60568
val_progress:51150/60568
val_progress:51175/60568
val_progress:51200/60568
val_progress:51225/60568
val_progress:51250/60568
val_progress:51275/60568
val_progress:51300/60568
val_progress:51325/60568
val_progress:51350/60568
val_progress:51375/60568
val_progress:51400/60568
val_progress:51425/60568
val_progress:51450/60568
val_progress:51475/60568
val_progress:51500/60568
val_progress:51525/60568
val_progress:51550/60568
val_progress:51575/60568
val_progress:51600/60568
val_progress:51625/60568
val_progress:51650/60568
val_progress:51675/60568
val_progress:51700/60568
val_progress:51725/60568
val_progress:51750/60568
val_progress:51775/60568
val_progress:51800/60568
val_progress:51825/60568
val_progress:51850/60568
val_progress:51875/60568
val_progress:51900/60568
val_progress:51925/60568
val_progress:51950/60568
val_progress:51975/60568
val_progress:52000/60568
val_progress:52025/60568
val_progress:52050/60568
val_progress:52075/60568
val_progress:52100/60568
val_progress:52125/60568
val_progress:52150/60568
val_progress:52175/60568
val_progress:52200/60568
val_progress:52225/60568
val_progress:52250/60568
val_progress:52275/60568
val_progress:52300/60568
val_progress:52325/60568
val_progress:52350/60568
val_progress:52375/60568
val_progress:52400/60568
val_progress:52425/60568
val_progress:52450/60568
val_progress:52475/60568
val_progress:52500/60568
val_progress:52525/60568
val_progress:52550/60568
val_progress:52575/60568
val_progress:52600/60568
val_progress:52625/60568
val_progress:52650/60568
val_progress:52675/60568
val_progress:52700/60568
val_progress:52725/60568
val_progress:52750/60568
val_progress:52775/60568
val_progress:52800/60568
val_progress:52825/60568
val_progress:52850/60568
val_progress:52875/60568
val_progress:52900/60568
val_progress:52925/60568
val_progress:52950/60568
val_progress:52975/60568
val_progress:53000/60568
val_progress:53025/60568
val_progress:53050/60568
val_progress:53075/60568
val_progress:53100/60568
val_progress:53125/60568
val_progress:53150/60568
val_progress:53175/60568
val_progress:53200/60568
val_progress:53225/60568
val_progress:53250/60568
val_progress:53275/60568
val_progress:53300/60568
val_progress:53325/60568
val_progress:53350/60568
val_progress:53375/60568
val_progress:53400/60568
val_progress:53425/60568
val_progress:53450/60568
val_progress:53475/60568
val_progress:53500/60568
val_progress:53525/60568
val_progress:53550/60568
val_progress:53575/60568
val_progress:53600/60568
val_progress:53625/60568
val_progress:53650/60568
val_progress:53675/60568
val_progress:53700/60568
val_progress:53725/60568
val_progress:53750/60568
val_progress:53775/60568
val_progress:53800/60568
val_progress:53825/60568
val_progress:53850/60568
val_progress:53875/60568
val_progress:53900/60568
val_progress:53925/60568
val_progress:53950/60568
val_progress:53975/60568
val_progress:54000/60568
val_progress:54025/60568
val_progress:54050/60568
val_progress:54075/60568
val_progress:54100/60568
val_progress:54125/60568
val_progress:54150/60568
val_progress:54175/60568
val_progress:54200/60568
val_progress:54225/60568
val_progress:54250/60568
val_progress:54275/60568
val_progress:54300/60568
val_progress:54325/60568
val_progress:54350/60568
val_progress:54375/60568
val_progress:54400/60568
val_progress:54425/60568
val_progress:54450/60568
val_progress:54475/60568
val_progress:54500/60568
val_progress:54525/60568
val_progress:54550/60568
val_progress:54575/60568
val_progress:54600/60568
val_progress:54625/60568
val_progress:54650/60568
val_progress:54675/60568
val_progress:54700/60568
val_progress:54725/60568
val_progress:54750/60568
val_progress:54775/60568
val_progress:54800/60568
val_progress:54825/60568
val_progress:54850/60568
val_progress:54875/60568
val_progress:54900/60568
val_progress:54925/60568
val_progress:54950/60568
val_progress:54975/60568
val_progress:55000/60568
val_progress:55025/60568
val_progress:55050/60568
val_progress:55075/60568
val_progress:55100/60568
val_progress:55125/60568
val_progress:55150/60568
val_progress:55175/60568
val_progress:55200/60568
val_progress:55225/60568
val_progress:55250/60568
val_progress:55275/60568
val_progress:55300/60568
val_progress:55325/60568
val_progress:55350/60568
val_progress:55375/60568
val_progress:55400/60568
val_progress:55425/60568
val_progress:55450/60568
val_progress:55475/60568
val_progress:55500/60568
val_progress:55525/60568
val_progress:55550/60568
val_progress:55575/60568
val_progress:55600/60568
val_progress:55625/60568
val_progress:55650/60568
val_progress:55675/60568
val_progress:55700/60568
val_progress:55725/60568
val_progress:55750/60568
val_progress:55775/60568
val_progress:55800/60568
val_progress:55825/60568
val_progress:55850/60568
val_progress:55875/60568
val_progress:55900/60568
val_progress:55925/60568
val_progress:55950/60568
val_progress:55975/60568
val_progress:56000/60568
val_progress:56025/60568
val_progress:56050/60568
val_progress:56075/60568
val_progress:56100/60568
val_progress:56125/60568
val_progress:56150/60568
val_progress:56175/60568
val_progress:56200/60568
val_progress:56225/60568
val_progress:56250/60568
val_progress:56275/60568
val_progress:56300/60568
val_progress:56325/60568
val_progress:56350/60568
val_progress:56375/60568
val_progress:56400/60568
val_progress:56425/60568
val_progress:56450/60568
val_progress:56475/60568
val_progress:56500/60568
val_progress:56525/60568
val_progress:56550/60568
val_progress:56575/60568
val_progress:56600/60568
val_progress:56625/60568
val_progress:56650/60568
val_progress:56675/60568
val_progress:56700/60568
val_progress:56725/60568
val_progress:56750/60568
val_progress:56775/60568
val_progress:56800/60568
val_progress:56825/60568
val_progress:56850/60568
val_progress:56875/60568
val_progress:56900/60568
val_progress:56925/60568
val_progress:56950/60568
val_progress:56975/60568
val_progress:57000/60568
val_progress:57025/60568
val_progress:57050/60568
val_progress:57075/60568
val_progress:57100/60568
val_progress:57125/60568
val_progress:57150/60568
val_progress:57175/60568
val_progress:57200/60568
val_progress:57225/60568
val_progress:57250/60568
val_progress:57275/60568
val_progress:57300/60568
val_progress:57325/60568
val_progress:57350/60568
val_progress:57375/60568
val_progress:57400/60568
val_progress:57425/60568
val_progress:57450/60568
val_progress:57475/60568
val_progress:57500/60568
val_progress:57525/60568
val_progress:57550/60568
val_progress:57575/60568
val_progress:57600/60568
val_progress:57625/60568
val_progress:57650/60568
val_progress:57675/60568
val_progress:57700/60568
val_progress:57725/60568
val_progress:57750/60568
val_progress:57775/60568
val_progress:57800/60568
val_progress:57825/60568
val_progress:57850/60568
val_progress:57875/60568
val_progress:57900/60568
val_progress:57925/60568
val_progress:57950/60568
val_progress:57975/60568
val_progress:58000/60568
val_progress:58025/60568
val_progress:58050/60568
val_progress:58075/60568
val_progress:58100/60568
val_progress:58125/60568
val_progress:58150/60568
val_progress:58175/60568
val_progress:58200/60568
val_progress:58225/60568
val_progress:58250/60568
val_progress:58275/60568
val_progress:58300/60568
val_progress:58325/60568
val_progress:58350/60568
val_progress:58375/60568
val_progress:58400/60568
val_progress:58425/60568
val_progress:58450/60568
val_progress:58475/60568
val_progress:58500/60568
val_progress:58525/60568
val_progress:58550/60568
val_progress:58575/60568
val_progress:58600/60568
val_progress:58625/60568
val_progress:58650/60568
val_progress:58675/60568
val_progress:58700/60568
val_progress:58725/60568
val_progress:58750/60568
val_progress:58775/60568
val_progress:58800/60568
val_progress:58825/60568
val_progress:58850/60568
val_progress:58875/60568
val_progress:58900/60568
val_progress:58925/60568
val_progress:58950/60568
val_progress:58975/60568
val_progress:59000/60568
val_progress:59025/60568
val_progress:59050/60568
val_progress:59075/60568
val_progress:59100/60568
val_progress:59125/60568
val_progress:59150/60568
val_progress:59175/60568
val_progress:59200/60568
val_progress:59225/60568
val_progress:59250/60568
val_progress:59275/60568
val_progress:59300/60568
val_progress:59325/60568
val_progress:59350/60568
val_progress:59375/60568
val_progress:59400/60568
val_progress:59425/60568
val_progress:59450/60568
val_progress:59475/60568
val_progress:59500/60568
val_progress:59525/60568
val_progress:59550/60568
val_progress:59575/60568
val_progress:59600/60568
val_progress:59625/60568
val_progress:59650/60568
val_progress:59675/60568
val_progress:59700/60568
val_progress:59725/60568
val_progress:59750/60568
val_progress:59775/60568
val_progress:59800/60568
val_progress:59825/60568
val_progress:59850/60568
val_progress:59875/60568
val_progress:59900/60568
val_progress:59925/60568
val_progress:59950/60568
val_progress:59975/60568
val_progress:60000/60568
val_progress:60025/60568
val_progress:60050/60568
val_progress:60075/60568
val_progress:60100/60568
val_progress:60125/60568
val_progress:60150/60568
val_progress:60175/60568
val_progress:60200/60568
val_progress:60225/60568
val_progress:60250/60568
val_progress:60275/60568
val_progress:60300/60568
val_progress:60325/60568
val_progress:60350/60568
val_progress:60375/60568
val_progress:60400/60568
val_progress:60425/60568
val_progress:60450/60568
val_progress:60475/60568
val_progress:60500/60568
val_progress:60525/60568
val_progress:60550/60568
val_progress:60568/60568
final_int8_zlib_roundtrip val_loss:4.0685 val_bpb:2.4096 eval_time:422627ms
final_int8_zlib_roundtrip_exact val_loss:4.06852385 val_bpb:2.40960899
